municipality_name,Latitude,Longitude
Bolesławiec,51.262169150000005,15.5550197073441
Bolesławiec,51.262169150000005,15.5550197073441
Gromadka,51.361438,15.7569399
Nowogrodziec,51.1971363,15.3987046
Osiecznica,51.3274722,15.4201013
Warta Bolesławiecka,51.2322843,15.6659455
Bielawa,50.6841718,16.6118259
Dzierżoniów,50.7291725,16.656753139456175
Pieszyce,50.7124412,16.581609
Piława Górna,50.68291525,16.751068021685484
Dzierżoniów,50.7291725,16.656753139456175
Łagiewniki,50.4838889,20.7469444
Niemcza,50.7163426,16.8350398
Głogów,51.6636791,16.0935567
Głogów,51.6636791,16.0935567
Jerzmanowa,51.5948009,16.0438976
Kotla,51.7437282,16.0409482
Pęcław,51.64381,16.24071
Żukowice,50.29932075,20.741927062127417
Góra,50.6734966,15.9935576
Jemielno,51.5243026,16.5435477
Niechlów,51.6894359,16.3660355
Wąsosz,53.5219375,22.3194128
Jawor,51.0504653,16.1932008
Bolków,50.9220033,16.100499
Męcinka,51.0734952,16.0950013
Mściwojów,51.0425273,16.270558
Paszowice,51.0143946,16.1615889
Wądroże Wielkie,51.1176908,16.3329035
Karpacz,50.7639983,15.745198107436458
Kowary,50.778678,15.836050856544123
Piechowice,50.8494747,15.5976047
Szklarska Poręba,50.81428365,15.454496657235111
Janowice Wielkie,50.87828,15.9208773
Jeżów Sudecki,50.933694,15.743396
Mysłakowice,50.8365551,15.7871345
Podgórzyn,54.1494798,21.2516799
Stara Kamienica,50.9168596,15.5721391
Kamienna Góra,50.7837361,16.0336631
Kamienna Góra,50.7837361,16.0336631
Lubawka,50.7070882,16.0003894
Marciszów,50.8516702,16.008639
Duszniki-Zdrój,50.37034025,16.378490698224958
Kłodzko,50.43371175,16.642246491692106
Kudowa-Zdrój,50.4420034,16.2416299
Nowa Ruda,50.5791982,16.5014757
Polanica-Zdrój,50.4079276,16.5107431
Bystrzyca Kłodzka,50.2968684,16.652017
Kłodzko,50.43371175,16.642246491692106
Lądek-Zdrój,50.3458254,16.8725948
Lewin Kłodzki,50.4056284,16.2896257
Międzylesie,50.1480131,16.6669348
Nowa Ruda,50.5791982,16.5014757
Radków,50.5042182,16.401351
Stronie Śląskie,50.2916337,16.8736919
Szczytna,50.4169281,16.4408185
Chojnów,51.2722894,15.9335241
Chojnów,51.2722894,15.9335241
Krotoszyce,51.15,16.05
Kunice,51.2222897,16.2498929
Legnickie Pole,51.1445731,16.2410821
Miłkowice,51.2560695,16.0629104
Prochowice,51.273422,16.3644321
Ruja,51.1732343,16.4100699
Lubań,51.1180898,15.2892651
Świeradów-Zdrój,50.9093388,15.3332153
Leśna,51.0241667,15.2636111
Lubań,51.1180898,15.2892651
Olszyna,51.0655505,15.3753102
Platerówka,51.0583343,15.173154
Siekierczyn,51.1211875,15.1937965
Lubin,51.3974465,16.2051275
Lubin,51.3974465,16.2051275
Rudna,50.6758559,16.0548462
Ścinawa,50.932071,17.337339
Gryfów Śląski,51.0281455,15.4145051
Lubomierz,51.0124569,15.51022
Lwówek Śląski,51.1108891,15.5850018
Mirsk,50.9721836,15.3857926
Wleń,51.0168814,15.6744645
Cieszków,51.6303951,17.35956
Krośnice,51.4760675,17.3595057
Milicz,51.5319957,17.2752485
Oleśnica,51.2102428,17.38294699262042
Bierutów,51.1252738,17.5400351
Dobroszyce,51.26554,17.34535
Dziadowa Kłoda,51.23328,17.7076
Międzybórz,51.397711,17.6650165
Oleśnica,51.2102428,17.38294699262042
Syców,51.3078551,17.7198113
Twardogóra,51.364557,17.469599
Oława,50.95709295,17.290269769664455
Domaniów,50.8948494,17.1290669
Jelcz-Laskowice,51.0398306,17.3499638
Oława,50.95709295,17.290269769664455
Chocianów,51.4168327,15.8986889
Gaworzyce,51.6281886,15.8825348
Grębocice,51.598155,16.1675783
Polkowice,51.5039288,16.0713371
Przemków,51.5275418,15.7874473
Radwanice,51.0565901,17.1064617
Borów,51.367537,16.850256
Kondratowice,50.7738624,16.9344207
Przeworno,50.6863108,17.1658038
Strzelin,50.78092,17.0683947
Wiązów,50.8138794,17.2017238
Kostomłoty,51.9723973,23.6191588
Malczyce,51.2203518,16.493719
Miękinia,51.190964,16.7386851
Środa Śląska,51.1638949,16.5942505
Udanin,51.0375751,16.449276
Świdnica,51.0740352,16.677606
Świebodzice,50.872464550000004,16.32287834675313
Dobromierz,50.9103288,16.236091
Jaworzyna Śląska,50.9144217,16.4308642
Marcinowice,50.8792444,16.5813714
Strzegom,50.9601066,16.3462134
Świdnica,51.0740352,16.677606
Żarów,50.9438416,16.4923538
Oborniki Śląskie,51.3010662,16.9145509
Prusice,51.3707663,16.9626816
Trzebnica,51.3096424,17.062596
Wisznia Mała,51.250346,17.0484111
Zawonia,51.3156477,17.196555
Żmigród,51.4717386,16.9082719
Boguszów-Gorce,50.755252150000004,16.19636346251805
Jedlina-Zdrój,50.7238213,16.3457478
Szczawno-Zdrój,50.8066959,16.2540971
Czarny Bór,50.769924,16.133781
Głuszyca,50.6862202,16.3730583
Mieroszów,50.6669858,16.1862044
Stare Bogaczowice,50.8482375,16.1937307
Walim,50.6974888,16.4411137
Brzeg Dolny,51.2691744,16.7083805
Wińsko,51.4704733,16.6144121
Wołów,51.3363841,16.6486903
Czernica,51.0485766,17.2363741
Długołęka,51.1733162,17.1927858
Jordanów Śląski,50.8642574,16.8682087
Kąty Wrocławskie,51.0302656,16.7702325
Kobierzyce,50.9720586,16.9298119
Mietków,50.9748184,16.6504992
Sobótka,50.8990885,16.7445705
Siechnice,51.0323875,17.1507275
Żórawina,50.9800904,17.0409458
Bardo,50.50676,16.7402382
Ciepłowody,50.6756265,16.9087204
Kamieniec Ząbkowicki,50.5229139,16.8736143
Stoszowice,50.5996571,16.737964
Ząbkowice Śląskie,50.5892698,16.8111518
Ziębice,50.6007752,17.0405633
Złoty Stok,50.4445454,16.8756509
Zawidów,51.0257493,15.0610053
Zgorzelec,51.15178695,15.014432971933283
Bogatynia,50.9077147,14.9539185
Pieńsk,51.2457834,15.0449871
Sulików,51.0769746,15.0649842
Węgliniec,51.2871203,15.2241355
Zgorzelec,51.15178695,15.014432971933283
Wojcieszów,50.9559192,15.928300756896551
Złotoryja,51.122408899999996,15.919447631385701
Pielgrzymka,50.9807745,21.9264353
Świerzawa,51.0150774,15.8920701
Zagrodno,51.1890084,15.862795
Złotoryja,51.122408899999996,15.919447631385701
Jelenia Góra,50.8501049,15.653749235408073
Legnica,51.2081617,16.1603187
Wrocław,51.1263106,16.97819633051261
Wałbrzych,50.785221,16.284640336127822
Aleksandrów Kujawski,52.87646465,18.6940709811346
Ciechocinek,52.883941300000004,18.80326826019677
Nieszawa,52.8396506,18.885163269944535
Aleksandrów Kujawski,52.87646465,18.6940709811346
Bądkowo,52.7523395,20.6170749
Koneck,52.78401,18.71609
Raciążek,52.8573597,18.8109378
Waganiec,52.8030022,18.8768049
Zakrzewo,51.4282254,16.8201604
Brodnica,53.258092,19.3993626
Bobrowo,54.26993,21.36008
Brodnica,53.258092,19.3993626
Brzozie,53.3257145,19.60188
Górzno,53.1980846,19.6445713
Bartniczka,53.2476132,19.6076612
Jabłonowo Pomorskie,53.387984,19.1527034
Osiek,50.5194515,21.4425619
Świedziebnia,53.1523277,19.5582979
Zbiczno,53.3394871,19.3777504
Białe Błota,52.89522,18.7071
Dąbrowa Chełmińska,53.1760827,18.3025087
Dobrcz,53.265326,18.1463757
Koronowo,53.3140636,17.9369813
Nowa Wieś Wielka,54.180841,20.5072054
Osielsko,53.1862966,18.0769779
Sicienko,53.0131471,14.8755607
Solec Kujawski,53.0791965,18.2246086
Chełmno,53.35250284999999,18.440424707276136
Chełmno,53.35250284999999,18.440424707276136
Kijewo Królewskie,53.2735046,18.445195
Lisewo,54.0970049,18.830126
Papowo Biskupie,53.2495579,18.5640254
Stolno,54.0537424,20.1058614
Unisław,51.7716829,17.3688412
Golub-Dobrzyń,53.1138924,19.0544501
Ciechocin,53.6131713,17.7008693
Golub-Dobrzyń,53.1138924,19.0544501
Kowalewo Pomorskie,53.1543137,18.8975473
Radomin,53.4197908,20.4430932
Zbójno,52.7507636,19.7512056
Grudziądz,53.47251195,18.761893676880046
Gruta,53.4604143,18.9667958
Łasin,53.5196526,19.0870311
Radzyń Chełmiński,53.385006,18.9351906
Rogóźno,51.981775,19.4490915
Świecie nad Osą,53.4441995,19.1066095
Inowrocław,52.7952408,18.2595624
Dąbrowa Biskupia,52.7772943,18.5315563
Gniewkowo,52.894429,18.4066817
Inowrocław,52.7952408,18.2595624
Janikowo,52.7531648,18.1141024
Kruszwica,52.6743797,18.3254766
Pakość,52.8073319,18.0899612
Rojewo,52.52031,15.56406
Złotniki Kujawskie,52.9016109,18.1415244
Lipno,52.8420725,19.18316282709292
Bobrowniki,51.548774,21.9333433
Chrostkowo,52.9434987,19.2532864
Dobrzyń nad Wisłą,52.6374518,19.3213714
Kikół,52.912342,19.1203393
Lipno,52.8420725,19.18316282709292
Skępe,52.8671562,19.3465204
Tłuchowo,52.7468311,19.4672663
Wielgie,52.7404241,19.2617021
Dąbrowa,52.9663293,20.2781539
Jeziora Wielkie,52.5291537,18.2681478
Mogilno,52.657341,17.9500677
Strzelno,52.6301742,18.1733807
Kcynia,52.9917668,17.4873729
Mrocza,53.2438673,17.6068949
Nakło nad Notecią,53.1386896,17.5998891
Sadki,50.474291,20.2532646
Szubin,53.0117503,17.7439402
Radziejów,52.61910615,18.529365291530983
Bytoń,50.3470387,18.9231857
Dobre,52.32171,21.67852
Osięciny,52.6290542,18.7229038
Piotrków Kujawski,52.55057,18.49872
Radziejów,52.61910615,18.529365291530983
Topólka,52.5033117,18.7127549
Rypin,53.06296225,19.419334932103737
Brzuze,53.0536334,19.2617851
Rogowo,53.0178493,21.0155846
Rypin,53.06296225,19.419334932103737
Skrwilno,53.0166946,19.6247985
Wąpielsk,53.1379462,19.278022
Kamień Krajeński,53.5333203,17.5199143
Sępólno Krajeńskie,53.4547434,17.5348373
Sośno,53.3894364,17.6869789
Więcbork,53.3525453,17.4873925
Bukowiec,54.2883329,20.4007718
Dragacz,53.5023182,18.7306853
Drzycim,53.5136442,18.3167474
Jeżewo,53.94881,17.84831
Lniano,53.52917,18.2204
Nowe,53.6462325,18.7290468
Osie,53.5983538,18.3475463
Pruszcz,54.25764755,18.650104044555775
Świecie,53.4072518,18.4455253
Świekatowo,53.4191287,18.0910791
Warlubie,53.5876369,18.6274848
Chełmża,53.1860233,18.6112806
Chełmża,53.1860233,18.6112806
Czernikowo,52.94226,18.9373
Lubicz,50.9020156,17.5677422
Łubianka,53.3971527,23.2277522
Łysomice,54.331,17.15318
Obrowo,52.9711744,18.878894
Wielka Nieszawka,52.9972983,18.5074609
Zławieś Wielka,53.0969614,18.3280492
Cekcyn,53.5747748,18.0085468
Gostycyn,53.4888974,17.8095094
Kęsowo,53.5579001,17.7146089
Lubiewo,53.81238,21.52574
Śliwice,51.1286114,17.21408
Tuchola,53.5880901,17.8590414
Wąbrzeźno,53.27835005,18.94049477910491
Dębowa Łąka,53.2569001,19.0938907
Książki,53.3281833,19.0703024
Płużnica,53.300104,18.7767919
Ryńsk,53.2306158,18.8227481
Kowal,52.53187295,19.144624707024313
Baruchowo,52.4901,19.23972
Boniewo,52.46575,18.88541
Brześć Kujawski,52.6048164,18.9015463
Choceń,52.485778,19.0180728
Chodecz,52.4051735,19.0272596
Fabianki,53.7546827,19.4698165
Izbica Kujawska,52.41925,18.76435
Kowal,52.53187295,19.144624707024313
Lubanie,52.743229,18.9192492
Lubień Kujawski,52.40736,19.16018
Lubraniec,52.543083,18.8315832
Włocławek,52.6655636,19.096129748054388
Barcin,52.8632346,17.9472463
Gąsawa,52.76856,17.75631
Janowiec Wielkopolski,52.7567264,17.4887698
Łabiszyn,52.9528653,17.9205877
Rogowo,53.0178493,21.0155846
Żnin,52.848462,17.7218791
Bydgoszcz,53.1219648,18.0002529
Grudziądz,53.47251195,18.761893676880046
Toruń,53.0102721,18.6048094
Włocławek,52.6655636,19.096129748054388
Międzyrzec Podlaski,51.9853172,22.7842492
Terespol,52.0765155,23.62223356965026
Biała Podlaska,52.029031849999996,23.14940947957289
Drelów,51.9120435,22.8715008
Janów Podlaski,52.1971205,23.2078844
Kodeń,51.911428,23.6027774
Konstantynów,52.2075,23.0861111
Leśna Podlaska,52.13081,23.02983
Łomazy,51.9027665,23.1755843
Międzyrzec Podlaski,51.9853172,22.7842492
Piszczac,51.9804862,23.3776226
Rokitno,50.4757235,23.7829242
Rossosz,51.8574257,23.1358499
Sławatycze,51.7635674,23.5555236
Sosnówka,51.316055,17.455637
Terespol,52.0765155,23.62223356965026
Tuczna,51.8802647,23.4246485
Wisznice,51.7870625,23.2097041
Zalesie,52.2260836,19.1680872
Biłgoraj,50.5424846,22.7209326
Aleksandrów,52.3046139,19.9520132
Biłgoraj,50.5424846,22.7209326
Biszcza,50.4008703,22.6507044
Frampol,50.671832,22.6698666
Goraj,50.7212294,22.6682146
Józefów,50.4808298,23.0540591
Księżpol,50.4222214,22.7344072
Łukowa,50.3787022,22.9191313
Obsza,50.31523,22.96182
Potok Górny,50.3857126,22.5529402
Tarnogród,50.361309,22.7419384
Tereszpol,50.56584895,22.8877138032787
Turobin,50.8218458,22.7448995
Rejowiec Fabryczny,51.1191844,23.2467333
Białopole,50.9847276,23.7331781
Chełm,51.1339221,23.4711548
Dorohusk,51.1608274,23.803447
Dubienka,51.0476985,23.8938053
Kamień,50.9527248,15.3697507
Leśniowice,50.9967531,23.496990304601972
Rejowiec Fabryczny,51.1191844,23.2467333
Ruda-Huta,51.2357998,23.5929545
Sawin,51.2724096,23.4366676
Siedliszcze,51.1946235,23.1648455
Wierzbica,51.2492925,21.0792463
Wojsławice,50.9195986,23.5474493
Żmudź,51.0243729,23.6726761
Rejowiec,51.0945453,23.2832851
Hrubieszów,50.80679625,23.886349876429893
Dołhobyczów,50.5867411,24.0348579
Horodło,50.8940559,24.0457508
Hrubieszów,50.80679625,23.886349876429893
Mircze,50.6522373,23.899667
Trzeszczany,50.8216667,23.7530557
Uchanie,50.9079164,23.6471712
Werbkowice,50.7509575,23.767431
Batorz,50.8494606,22.49271
Chrzanów,50.1411926,19.4028502
Dzwola,50.6952887,22.5658462
Godziszów,49.7604608,18.7574969
Janów Lubelski,50.7065895,22.4110663
Modliborzyce,50.7534467,22.3291714
Potok Wielki,50.6071912,20.2158624
Krasnystaw,50.9844757,23.1635704
Fajsławice,51.0954314,22.9624072
Gorzków,50.2225963,20.5040381
Izbica,50.8927773,23.1587974
Krasnystaw,50.9844757,23.1635704
Kraśniczyn,50.9329004,23.351823
Łopiennik Górny,51.0441503,23.0220663
Rudnik,50.4447766,22.2440326
Siennica Różana,50.99831655,23.295927788539625
Żółkiewka,50.9096686,22.8346715
Kraśnik,50.9249236,22.229206
Annopol,50.8851655,21.8550836
Dzierzkowice,49.9883846,17.8471127
Gościeradów,50.86483025,22.010687559937587
Kraśnik,50.9249236,22.229206
Szastarka,50.8563735,22.3264392
Trzydnik Duży,50.8547715,22.1329203
Urzędów,50.9939046,22.1435756
Wilkołaz,50.9866016,22.3280204
Zakrzówek,50.9511963,22.379799
Lubartów,51.45852415,22.61199725126893
Abramów,51.4565215,22.3154548
Firlej,51.5582926,22.5054567
Jeziorzany,51.6012715,22.2772227
Kamionka,51.4711228,22.4644249
Kock,51.6383917,22.4478158
Lubartów,51.45852415,22.61199725126893
Michów,51.52365,22.3137905
Niedźwiada,52.1421631,19.8977247
Ostrów Lubelski,51.4971197,22.8554683
Ostrówek,51.5743996,22.6158549
Serniki,51.4370567,22.658139
Uścimów,51.4787334,22.956828061613145
Bełżyce,51.175063,22.2749995
Borzechów,51.0940703,22.2785848
Bychawa,51.0152225,22.534535
Garbów,52.1582089,19.5852566
Głusk,51.1911864,22.5968718
Jabłonna,52.3766761,20.9177941
Jastków,51.3096822,22.4392406
Konopnica,51.226236,22.4614994
Krzczonów,50.8184263,16.5662198
Niedrzwica Duża,51.1142462,22.3878472
Niemce,51.3602767,22.6284194
Strzyżewice,51.0471984,22.4367336
Wojciechów,50.911835,21.0014198
Wólka,54.3056383,20.7001246
Wysokie,54.63582,17.89394
Zakrzew,51.7879743,18.6346473
Cyców,51.3038482,23.1345084
Ludwin,51.3479892,22.911828
Łęczna,51.3002941,22.886766
Milejów,51.3486468,19.7088613
Puchaczów,51.3096213,22.9741647
Spiczyn,51.3418058,22.7532162
Łuków,51.93008,22.3790669
Stoczek Łukowski,51.9617406,21.9697078
Adamów,51.7436921,22.2623567
Krzywda,51.30133,21.71874
Łuków,51.93008,22.3790669
Serokomla,51.6993481,22.3335062
Stanin,51.8713886,22.1976927
Stoczek Łukowski,51.9617406,21.9697078
Trzebieszów,51.9871249,22.5815994
Wojcieszków,51.769415,22.3156679
Wola Mysłowska,51.8442199,21.937747
Chodel,51.1121689,22.1350543
Józefów nad Wisłą,51.0408518,21.8296779
Karczmiska,51.6690189,22.0098964
Łaziska,52.3331783,20.0875415
Opole Lubelskie,51.1475365,21.9664152
Poniatowa,51.19298,22.06505
Wilków,50.8688872,16.5376199
Dębowa Kłoda,51.5960726,23.0061973
Jabłoń,53.6122923,21.750852
Milanów,51.7034952,22.8811028
Parczew,51.639,22.9
Podedwórze,51.6875638,23.1993265
Siemień,51.6329116,22.7803935
Sosnowica,51.9602778,20.535
Puławy,51.4262598,21.985301401055878
Baranów,52.12305,20.47315
Janowiec,51.3232858,21.890616
Kazimierz Dolny,51.3220058,21.947372
Końskowola,51.4088455,22.0526598
Kurów,51.389829,22.1863865
Markuszów,51.3743264,22.2608579
Nałęczów,51.2876064,22.214792
Puławy,51.4262598,21.985301401055878
Wąwolnica,51.2934026,22.1461978
Żyrzyn,51.498164,22.0938269
Radzyń Podlaski,51.7827253,22.6208818
Borki,54.2583888,20.7216827
Czemierniki,51.1408457,22.9985801
Kąkolewnica,51.8990881,22.7003878
Komarówka Podlaska,51.8037075,22.9440422
Radzyń Podlaski,51.7827253,22.6208818
Ulan-Majorat,51.8079694,22.4839689
Wohyń,51.7562261,22.7863152
Dęblin,51.567231750000005,21.856244041776023
Kłoczew,51.7226913,21.9561458
Nowodwór,51.6426403,22.0998348
Ryki,51.6266968,21.935696
Stężyca,51.5825969,21.772083
Ułęż,51.5924737,22.1126419
Świdnik,51.2164934,22.69095582029724
Mełgiew,51.2305243,22.7803878
Piaski,50.1532026,19.4751266
Rybczewice,51.0264882,22.855351719297705
Trawniki,51.1351853,22.9971028
Tomaszów Lubelski,50.4469315,23.4165561
Bełżec,50.3847191,23.4378426
Jarczów,50.4238092,23.5907739
Krynice,50.5872734,23.3816633
Lubycza Królewska,50.3411612,23.5196564
Łaszczów,50.532615,23.7263929
Rachanie,50.5378147,23.5486977
Susiec,50.4166811,23.2041271
Tarnawatka,50.5309034,23.3960072
Telatyn,50.527024,23.8439408
Tomaszów Lubelski,50.4469315,23.4165561
Tyszowce,50.6172008,23.6982172
Ulhówek,50.4495488,23.7856523
Włodawa,51.5466412,23.553219
Hanna,51.7183255,23.5037805
Hańsk,51.4041122,23.4093048
Stary Brus,51.4809284,23.2917215
Urszulin,51.3935008,23.1953882
Włodawa,51.5466412,23.553219
Wola Uhruska,51.321224,23.626537
Wyryki,51.5650777,23.3314842
Adamów,51.7436921,22.2623567
Grabowiec,50.8217588,23.5494427
Komarów-Osada,50.6284673,23.4830714
Krasnobród,50.5460046,23.2115593
Łabunie,50.6526222,23.3683379
Miączyn,52.4156707,20.4376613
Nielisz,50.7982909,23.046839
Radecznica,50.7500377,22.8307007
Sitno,53.0325,14.85219
Skierbieszów,50.8520295,23.3672563
Stary Zamość,50.8174095,23.1608914
Sułów,51.49939,17.1693482
Szczebrzeszyn,50.6946972,22.9786754
Zamość,50.72124515,23.259579874645233
Zwierzyniec,50.6145878,22.9706317
Biała Podlaska,52.029031849999996,23.14940947957289
Chełm,51.1339221,23.4711548
Lublin,51.218194499999996,22.554677562145155
Zamość,50.72124515,23.259579874645233
Kostrzyn nad Odrą,52.61626975,14.627947699728011
Bogdaniec,52.6891522,15.0742997
Deszczno,52.67207,15.3096414
Kłodawa,52.2574519,18.911206
Lubiszyn,52.78004,14.94703
Santok,52.7388292,15.4106106
Witnica,52.6729399,14.8972121
Gubin,51.9509817,14.7272814
Bobrowice,51.9522474,15.0867621
Bytnica,52.1483682,15.1658027
Dąbie,51.4823051,16.4906445
Gubin,51.9509817,14.7272814
Krosno Odrzańskie,52.0536361,15.0980258
Maszewo,53.496222,15.0613549
Bledzew,52.5175796,15.413957
Międzyrzecz,52.4448261,15.578637
Przytoczna,52.5776,15.67994
Pszczew,52.4792371,15.7783386
Skwierzyna,52.5967483,15.5010958
Trzciel,52.365166,15.873213
Nowa Sól,51.8019595,15.7175608
Bytom Odrzański,51.7308267,15.826918
Kolsko,51.9607173,15.961976
Kożuchów,51.7454762,15.5944541
Nowa Sól,51.8019595,15.7175608
Nowe Miasteczko,51.6908103,15.7311977
Otyń,51.8473213,15.7104
Siedlisko,54.20178,22.23588
Cybinka,52.1940293,14.7968841
Górzyca,52.4928154,14.6514668
Ośno Lubuskie,52.455132,14.8682003
Rzepin,52.34432,14.8382902
Słubice,52.3557481,14.5662367
Dobiegniew,52.9667749,15.7548055
Drezdenko,52.8398486,15.8318163
Stare Kurowo,52.8572,15.67243
Strzelce Krajeńskie,52.8785785,15.5326861
Zwierzyn,53.10515,15.40739
Krzeszyce,52.5832825,15.010099
Lubniewice,52.5119594,15.2441003
Słońsk,52.5649328,14.8053799
Sulęcin,52.4413768,15.1161501
Torzym,52.3138586,15.0828279
Lubrza,52.3071516,15.4411776
Łagów,50.7754877,21.0839837
Skąpe,52.1530017,15.4585348
Szczaniec,52.2692546,15.6855248
Świebodzin,52.2498357,15.5324973
Zbąszynek,52.2436262,15.8138946
Babimost,52.165312,15.8285175
Bojadła,51.9529445,15.8095139
Czerwieńsk,52.0130585,15.4211463
Kargowa,52.0719225,15.8648044
Nowogród Bobrzański,51.7986474,15.2365032
Sulechów,52.0854782,15.6259091
Świdnica,51.0740352,16.677606
Trzebiechów,52.0226174,15.7357566
Zabór,51.9510931,15.7143816
Gozdnica,51.4373182,15.0960336
Żagań,51.6148068,15.3203721
Brzeźnica,51.2705207,20.4820359
Iłowa,51.5006828,15.1984599
Małomice,51.5550002,15.4472908
Niegosławice,51.5878011,15.715295
Szprotawa,51.5650714,15.5367584
Wymiarki,54.085,21.39
Żagań,51.6148068,15.3203721
Łęknica,51.54731655,14.754084214502885
Żary,51.6385162,15.1422487
Brody,51.7867086,14.7743044
Jasień,51.7515442,15.0123351
Lipinki Łużyckie,51.6387408,15.0044436
Lubsko,51.7881902,14.9721266
Przewóz,51.604476,21.5727516
Trzebiel,51.6350388,14.8183696
Tuplice,51.674646,14.8312165
Żary,51.6385162,15.1422487
Sława,51.8807001,16.0702499
Szlichtyngowa,51.7140748,16.2445989
Wschowa,51.8038354,16.3172771
Gorzów Wielkopolski,52.7309926,15.2400451
Zielona Góra,51.9383777,15.5050408
Bełchatów,51.354704600000005,19.376919902970144
Bełchatów,51.354704600000005,19.376919902970144
Drużbice,51.4633191,19.3942112
Kleszczów,51.22165,19.30628
Kluki,52.1412644,21.5370657
Rusiec,51.32452,18.98603
Szczerców,51.3302964,19.1142823
Zelów,51.4650276,19.2195805
Kutno,52.2220021,19.387595057455435
Bedlno,52.2082323,19.5762485
Dąbrowice,52.3156388,19.08451
Krośniewice,52.2560639,19.1689326
Krzyżanów,52.18749,19.44672
Kutno,52.2220021,19.387595057455435
Łanięta,52.36303,19.28277
Nowe Ostrowy,52.3027318,19.1920637
Oporów,52.2616821,19.5555909
Strzelce,50.9092715,16.662178
Żychlin,52.2440088,19.6260932
Buczek,51.8341769,19.6798145
Łask,51.5929947,19.1334784
Sędziejowice,51.5115803,19.0273793
Widawa,51.4375,18.94412
Wodzierady,51.71858,19.15074
Łęczyca,51.5244724,16.5704648
Daszyna,52.1555452,19.1841981
Góra Świętej Małgorzaty,52.0554474,19.3204013
Grabów,52.12736,19.00855
Łęczyca,51.5244724,16.5704648
Piątek,52.0689883,19.4799726
Świnice Warckie,52.04086,18.91984
Witonia,52.1469973,19.2943318
Łowicz,52.1012259,19.9474623726871
Bielawy,52.0750602,19.6568518
Chąśno,52.1855642,19.9312782
Domaniewice,51.7209597,20.95664
Kiernozia,52.2687653,19.8710998
Kocierzew Południowy,52.2164002,20.0192169
Łowicz,52.1012259,19.9474623726871
Łyszkowice,51.9838704,19.9093515
Nieborów,52.0710912,20.0702329
Zduny,51.6463268,17.377617
Andrespol,51.7253891,19.638648
Brójce,51.6639062,19.6482548
Koluszki,51.7444956,19.817966
Nowosolna,51.7937406,19.590147
Rzgów,51.6627785,19.4908887
Tuszyn,51.60565655,19.543815697033963
Białaczów,51.298466,20.2949544
Drzewica,51.4508384,20.4773617
Mniszków,50.86039,15.94417
Opoczno,51.3782439,20.2931754
Paradyż,51.30598,20.11393
Poświętne,51.4746285,21.3676912
Sławno,54.3629824,16.6789071
Żarnów,51.2479931,20.1720504
Konstantynów Łódzki,51.75721335,19.308241169771144
Pabianice,51.6639859,19.3535024
Dłutów,51.5564392,19.3928332
Dobroń,51.63382,19.24516
Ksawerów,51.7948298,19.6740915
Lutomiersk,51.7550121,19.2120994
Pabianice,51.6639859,19.3535024
Działoszyn,51.1168037,18.8651633
Kiełczygłów,51.2385304,18.9862863
Nowa Brzeźnica,51.0790727,19.1800856
Pajęczno,51.1468824,18.9956984
Rząśnia,51.2217666,19.0423184
Siemkowice,51.2033037,18.901088
Strzelce Wielkie,51.13968,19.14338
Sulmierzyce,51.61613,17.534500781817073
Aleksandrów,52.3046139,19.9520132
Czarnocin,52.3503333,21.7067972
Gorzkowice,51.2151631,19.5959459
Grabica,51.4791649,19.5323329
Łęki Szlacheckie,51.1853206,19.8079242
Moszczenica,51.50468995,19.67660746199884
Ręczno,51.190641,19.8536831
Rozprza,51.3022006,19.6471691
Sulejów,51.3549202,19.8890802
Wola Krzysztoporska,51.3434223,19.5836999
Wolbórz,51.5036311,19.830319
Dalików,51.88235,19.1016655
Pęczniew,51.8034608,18.7219711
Poddębice,51.8926555,18.9518908
Uniejów,51.9741302,18.793245
Wartkowice,51.9755724,19.0022484
Zadzim,51.7757774,18.8496385
Radomsko,51.071061,19.44984640627979
Dobryszyce,51.1459513,19.408872
Gidle,50.9640585,19.4684614
Gomunice,51.16964,19.4855
Kamieńsk,51.204172,19.4970714
Kobiele Wielkie,51.0304056,19.6243691
Kodrąb,53.914256,14.6102082
Lgota Wielka,51.1485653,19.3286576
Ładzice,51.0817396,19.3568614
Masłowice,51.1056435,19.7895148
Przedbórz,51.0868077,19.8744414
Radomsko,51.071061,19.44984640627979
Wielgomłyny,51.0129394,19.7638042
Żytno,50.92729,19.62733
Rawa Mazowiecka,51.758285900000004,20.25099803272574
Biała Rawska,51.8075978,20.4720942
Cielądz,51.7141666,20.3449396
Rawa Mazowiecka,51.758285900000004,20.25099803272574
Regnów,51.75,20.3833333
Sadkowice,51.723841,20.5137702
Sieradz,51.5942475,18.7378774
Błaszki,51.6525206,18.4333114
Brąszewice,51.4986133,18.4493107
Brzeźnio,51.4947378,18.6228605
Burzenin,51.4602641,18.8325189
Goszczanów,51.789169,18.505482
Klonowa,53.5188113,19.9535312
Sieradz,51.5942475,18.7378774
Warta,52.1404927,17.6544623
Wróblew,51.986495,19.2496953
Złoczew,51.4180515,18.6060256
Bolimów,52.0762415,20.163478
Głuchów,52.158794,19.6606159
Godzianów,51.8965,20.03845
Kowiesy,51.8968748,20.5384711
Lipce Reymontowskie,51.8996969,19.9420887
Maków,54.0407046,20.6523979
Nowy Kawęczyn,51.887384,20.2441319
Skierniewice,51.9568581,20.1430044
Słupia,54.287143,17.3242691
Tomaszów Mazowiecki,51.5316918,20.0084195
Będków,51.5882028,19.7447311
Budziszewice,52.67245,17.05374
Czerniewice,51.6547437,20.1569703
Inowłódz,51.5236969,20.2228852
Lubochnia,51.608851,20.052374
Rokiciny,54.3343328,17.7206582
Rzeczyca,51.5986259,20.2970666
Tomaszów Mazowiecki,51.5316918,20.0084195
Ujazd,51.5980362,19.9218143
Żelechlinek,51.711266,20.035335
Biała,52.7962925,23.2369031
Czarnożyły,51.2815314,18.563382
Konopnica,51.226236,22.4614994
Mokrsko,51.1774166,18.4802446
Osjaków,51.2888829,18.7912573
Ostrówek,51.5743996,22.6158549
Pątnów,51.1464812,18.6248122
Skomlin,51.1709588,18.3872748
Wieluń,51.2204544,18.5700965
Wierzchlas,53.5183488,18.104843
Bolesławiec,51.262169150000005,15.5550197073441
Czastary,51.2581108,18.3209415
Galewice,51.3418193,18.2531911
Lututów,51.3712494,18.4346007
Łubnice,50.4110333,21.1521007
Sokolniki,51.0292325,16.7086942
Wieruszów,51.2951647,18.1510623
Zduńska Wola,51.6028615,18.9333201
Szadek,51.69175,18.97703
Zapolice,51.0873021,19.6399975
Zduńska Wola,51.6028615,18.9333201
Głowno,51.9660873,19.7135665
Ozorków,51.9636101,19.2918111
Zgierz,51.8559434,19.4056443
Aleksandrów Łódzki,51.8196533,19.3035375
Głowno,51.9660873,19.7135665
Ozorków,51.9636101,19.2918111
Parzęczew,51.94893,19.20716
Stryków,51.9009447,19.6036969
Zgierz,51.8559434,19.4056443
Brzeziny,51.8004949,19.7517694
Brzeziny,51.8004949,19.7517694
Dmosin,51.9266971,19.7533414
Jeżów,51.813452,19.9687952
Rogów,52.4095529,22.3448178
Łódź,51.7687323,19.4569911
Piotrków Trybunalski,51.412853999999996,19.6886837487098
Skierniewice,51.9568581,20.1430044
Bochnia,49.9693563,20.430541
Bochnia,49.9693563,20.430541
Drwinia,50.0980915,20.4420098
Lipnica Murowana,49.85894,20.5274
Łapanów,49.8648601,20.2913672
Nowy Wiśnicz,49.9152667,20.4621677
Rzezawa,49.9900045,20.513614
Trzciana,51.173174,16.9686415
Żegocina,49.8041261,20.417899
Borzęcin,51.4459353,16.9110191
Brzesko,49.9678396,20.6068496
Czchów,49.8339446,20.6731487
Dębno,52.7396681,14.7014522
Gnojnik,49.8952721,20.6071741
Iwkowa,49.8171879,20.5900198
Szczurowa,50.1190396,20.6373655
Alwernia,50.0690434,19.5396737
Babice,51.7741622,19.2481954
Chrzanów,50.1411926,19.4028502
Libiąż,50.1030516,19.3147486
Trzebinia,50.1597686,19.4709097
Bolesław,50.2970061,19.4811218
Dąbrowa Tarnowska,50.1743495,20.9850707
Gręboszów,50.2443127,20.7758287
Mędrzechów,50.2817162,20.9472878
Olesno,50.8766575,18.4219452
Radgoszcz,53.0622273,21.9169381
Szczucin,50.3090256,21.075161
Gorlice,49.6663323,21.16348426717198
Biecz,49.7305351,21.249421
Bobowa,49.7130028,20.9576054
Gorlice,49.6663323,21.16348426717198
Lipinki,53.4666667,19.3166667
Łużna,49.712434,21.0534773
Moszczenica,51.50468995,19.67660746199884
Ropa,49.6695163,21.1863731
Sękowa,49.6128184,21.2065054
Uście Gorlickie,49.5220361,21.1388995
Czernichów,49.9871154,19.6761974
Igołomia-Wawrzeńczyce,50.106874399999995,20.268688105891584
Iwanowice,51.6546044,18.3272055
Jerzmanowice-Przeginia,50.21158765,19.72536173524042
Kocmyrzów-Luborzyca,50.1564008,20.102802032722163
Krzeszowice,50.1350246,19.6320164
Liszki,50.0384673,19.7661585
Michałowice,50.8949589,17.0639424
Mogilany,49.9413293,19.8877676
Skała,50.2303769,19.853537
Skawina,49.9747508,19.8265702
Słomniki,50.2403739,20.0811369
Sułoszowa,50.2672276,19.7330471
Świątniki Górne,49.9346365,19.9524965
Wielka Wieś,50.15676,19.8429766
Zabierzów,50.1146386,19.7993814
Zielonki,50.3535303,20.9167143
Limanowa,49.7149918,20.423074222125905
Mszana Dolna,49.6779756,20.0820073
Dobra,51.9161774,18.6159693
Jodłownik,50.64660085,16.61408096135165
Kamienica,50.6839554,19.1542304
Laskowa,51.5588449,16.8315404
Limanowa,49.7149918,20.423074222125905
Łukowica,49.6052384,20.492895
Mszana Dolna,49.6779756,20.0820073
Niedźwiedź,50.5378326,17.0016694
Słopnice,49.6989839,20.3518902
Tymbark,49.7293607,20.3248972
Charsznica,50.4130511,19.9355395
Gołcza,50.3369451,19.9266289
Kozłów,51.0373995,16.7276461
Książ Wielki,50.4429446,20.1399453
Miechów,50.3566016,20.0276912
Racławice,50.3247214,20.2356859
Słaboszów,50.3875935,20.274964
Dobczyce,49.8803432,20.0905415
Lubień,51.2759368,19.7854898
Myślenice,49.834608,19.9384283
Pcim,49.7519944,19.9667908
Raciechowice,49.8448681,20.1371442
Siepraw,49.9087175,19.9686151
Sułkowice,49.8408265,19.8012137
Tokarnia,49.4646063,22.0204581
Wiśniowa,49.8688107,21.653553
Grybów,49.61495535,20.948824660927798
Chełmiec,51.0584659,22.7328702
Gródek nad Dunajcem,49.7486434,20.7323128
Grybów,49.61495535,20.948824660927798
Kamionka Wielka,49.5786884,20.790033
Korzenna,49.6832111,20.8418416
Krynica-Zdrój,49.4206138,20.9594176
Łabowa,49.5275011,20.8553116
Łącko,54.5196449,16.6094445
Łososina Dolna,49.7416411,20.6251038
Muszyna,49.3561684,20.8967477
Nawojowa,50.3959312,16.4043497
Piwniczna-Zdrój,49.4406462,20.7142303
Podegrodzie,49.5761014,20.5889551
Rytro,49.490202,20.6701855
Stary Sącz,49.5640376,20.6366038
Nowy Targ,49.489209200000005,20.026341104646875
Szczawnica,49.4266299,20.4761439
Czarny Dunajec,49.440493,19.8535612
Czorsztyn,49.4372983,20.3268648
Jabłonka,51.9218076,18.984034
Krościenko nad Dunajcem,49.445684,20.4289427
Lipnica Wielka,49.4849727,19.6292186
Łapsze Niżne,49.3980442,20.2400473
Nowy Targ,49.489209200000005,20.026341104646875
Ochotnica Dolna,49.5255655,20.3202148
Raba Wyżna,49.5647448,19.8805296
Rabka-Zdrój,49.6076663,19.9622575
Spytkowice,49.994979,19.5087999
Szaflary,49.4229109,20.0260584
Bukowno,50.2669741,19.4613822
Bolesław,50.2970061,19.4811218
Klucze,50.3351358,19.5608326
Olkusz,50.2788158,19.5596307
Trzyciąż,50.3094145,19.7675599
Wolbrom,50.3848386,19.7598844
Oświęcim,50.0382443,19.2214053
Brzeszcze,49.9819014,19.1528065
Chełmek,50.1003348,19.2542585
Kęty,49.8817723,19.2302036
Osiek,50.5194515,21.4425619
Oświęcim,50.0382443,19.2214053
Polanka Wielka,49.9838274,19.3074201
Przeciszów,50.0047374,19.3744959
Zator,49.9963053,19.4376782
Koniusza,49.6851724,22.6898509
Koszyce,50.1669806,20.5756459
Nowe Brzesko,50.1322823,20.3767203
Pałecznica,50.2904698,20.3009621
Proszowice,50.1926479,20.2917555
Radziemice,50.2541273,20.2348635
Jordanów,49.6489124,19.83834915265816
Sucha Beskidzka,49.74079,19.5905975
Budzów,50.5821639,16.6940219
Bystra-Sidzina,49.62063465,19.69076034503852
Jordanów,49.6489124,19.83834915265816
Maków Podhalański,49.7298971,19.6768803
Stryszawa,49.713531,19.5206116
Zawoja,49.6600228,19.5579106
Zembrzyce,49.7737749,19.6006622
Ciężkowice,49.786464,20.9737542
Gromnik,53.7361111,15.9897222
Lisia Góra,49.5923311,21.7361069
Pleśna,54.2338347,15.8365082
Radłów,51.2886819,17.1427919
Ryglice,49.8783327,21.1380371
Rzepiennik Strzyżewski,49.8072487,21.0351977
Skrzyszów,49.9927156,21.0645866
Tarnów,50.0123784,20.9880739
Tuchów,49.895219,21.0538362
Wierzchosławice,50.0274989,20.8593482
Wietrzychowice,52.41238,18.85958
Wojnicz,49.9573496,20.8364048
Zakliczyn,49.8564352,20.8086652
Żabno,50.1335155,20.8859257
Szerzyny,49.8088632,21.2451169
Zakopane,49.2757934,19.969281065702543
Biały Dunajec,49.3805921,20.0122858
Bukowina Tatrzańska,49.3423002,20.1072586
Kościelisko,49.2907179,19.8885727
Poronin,49.3396497,20.0055635
Andrychów,49.8555791,19.3436756
Brzeźnica,51.2705207,20.4820359
Kalwaria Zebrzydowska,49.8669482,19.6763089
Lanckorona,49.8454833,19.715059
Mucharz,49.812017,19.5584908
Spytkowice,49.994979,19.5087999
Stryszów,49.825128,19.6261498
Tomice,50.8476735,16.8164667
Wadowice,49.8834484,19.4925345
Wieprz,50.5003414,23.4350421
Biskupice,51.1523459,22.946692
Gdów,49.9085036,20.1996034
Kłaj,49.9925308,20.3154849
Niepołomice,50.0331163,20.2171599
Wieliczka,49.9823773,20.0602114
Kraków,50.0619474,19.9368564
Nowy Sącz,49.61030395,20.714936589668028
Tarnów,50.0123784,20.9880739
Białobrzegi,51.6482305,20.9497458
Promna,51.6806227,20.9603967
Radzanów,52.94307,20.09258
Stara Błotnica,54.1519231,15.4151357
Stromiec,51.6464554,21.0910141
Wyśmierzyce,51.6251076,20.8119331
Ciechanów,52.871204399999996,20.606245921754713
Ciechanów,52.871204399999996,20.606245921754713
Glinojeck,52.819174,20.2862655
Gołymin-Ośrodek,52.8086905,20.8731745
Grudusk,53.0616402,20.625647
Ojrzeń,52.7669148,20.5427378
Opinogóra Górna,52.9038465,20.7143163
Regimin,52.94148,20.55454
Sońsk,52.7813961,20.6961175
Garwolin,51.8958048,21.621064749998972
Łaskarzew,51.785526149999995,21.60246906216035
Borowie,51.9487183,21.7671254
Garwolin,51.8958048,21.621064749998972
Górzno,53.1980846,19.6445713
Łaskarzew,51.785526149999995,21.60246906216035
Maciejowice,51.692631,21.5531323
Miastków Kościelny,51.8839967,21.8234993
Parysów,51.9759282,21.6801952
Pilawa,51.9595452,21.5271524
Sobolew,51.1208535,16.4332926
Trojanów,51.944141,23.46293
Wilga,49.9676389,19.977163
Żelechów,51.8096724,21.895505
Gostynin,52.424245299999995,19.463338416212153
Gostynin,52.424245299999995,19.463338416212153
Pacyna,52.30067,19.71132
Sanniki,52.33089,19.86693
Szczawin Kościelny,52.36998,19.6118
Milanówek,52.1266493,20.6641191
Podkowa Leśna,52.1113192,20.761411312661124
Baranów,52.12305,20.47315
Grodzisk Mazowiecki,52.1066223,20.6313441
Jaktorów,52.46,21.2472222
Żabia Wola,52.0317125,20.6910675
Belsk Duży,51.8258436,20.8087878
Błędów,50.340284600000004,19.51384620770148
Chynów,51.5128685,19.3350831
Goszczyn,51.7322001,20.8538194
Grójec,51.8655126,20.8675017
Jasieniec,51.6570593,21.2749579
Mogielnica,51.6929526,20.723371
Nowe Miasto nad Pilicą,51.616692,20.5796171
Pniewy,52.5089624,16.2566411
Warka,51.7850969,21.1833835
Garbatka-Letnisko,51.4933539,21.6318482
Głowaczów,51.6231797,21.3177054
Gniewoszów,51.4743655,21.8125648
Grabów nad Pilicą,51.7257087,21.2265001
Kozienice,51.5849678,21.549883
Magnuszew,51.7624237,21.3828034
Sieciechów,51.5404909,21.7451259
Legionowo,52.4048926,20.93311029271624
Jabłonna,52.3766761,20.9177941
Nieporęt,52.4232736,21.0354595
Serock,52.5135193,21.0731162
Wieliszew,52.4497362,20.9694128
Chotcza,51.242085200000005,21.734947186621483
Ciepielów,51.2482289,21.5741193
Lipsko,51.158513,21.6490099
Rzeczniów,51.1268037,21.4425767
Sienno,51.08498,21.4734506
Solec nad Wisłą,51.1349963,21.765376
Huszlew,52.1373857,22.8399375
Łosice,52.2115134,22.717294
Olszanka,54.0984069,23.4018277
Platerów,52.3019807,22.8184308
Sarnaki,52.314485,22.8898812
Stara Kornica,52.1843042,22.9353174
Maków Mazowiecki,52.865678,21.101224
Czerwonka,52.23528,17.8255632
Karniewo,53.1398472,14.8573691
Krasnosielc,53.0335809,21.1575267
Młynarze,52.6123223,22.3837029
Płoniawy-Bramura,52.9798077,21.0629873
Różan,52.8892595,21.399349
Rzewnie,52.8351768,21.3393107
Sypniewo,53.0052471,21.3064497
Szelków,52.8157769,21.17087574347384
Mińsk Mazowiecki,52.1812046,21.5587372
Cegłów,52.1470172,21.7381713
Dębe Wielkie,52.1990146,21.4400042
Dobre,52.32171,21.67852
Halinów,52.3581586,19.4706484
Jakubów,50.6977778,16.9272222
Kałuszyn,52.2082344,21.8133341
Latowicz,52.0262727,21.8075415
Mińsk Mazowiecki,52.1812046,21.5587372
Mrozy,52.1655506,21.8001682
Siennica,52.0915526,21.6193996
Stanisławów,52.291113,21.5491157
Sulejówek,52.2433944,21.2777123
Mława,53.13419145,20.362882994720415
Dzierzgowo,53.1550837,20.663956
Lipowiec Kościelny,53.10461,20.17651
Radzanów,52.94307,20.09258
Strzegowo,52.8936196,20.2852835
Stupsk,53.0222244,20.4381223
Szreńsk,53.01147,20.12223
Szydłowo,53.1625747,16.6120029
Wieczfnia Kościelna,53.1950911,20.4762203
Wiśniewo,53.5599184,19.8645912
Nowy Dwór Mazowiecki,52.4306508,20.7154712
Czosnów,52.3905947,20.733896
Leoncin,52.3936382,20.534073
Nasielsk,52.5867531,20.8130115
Pomiechówek,52.4719444,20.7336111
Zakroczym,52.4333534,20.6116771
Baranowo,52.2135664,16.9218226
Czarnia,53.3430556,21.5636111
Czerwin,52.9495,21.7581
Goworowo,52.9006864,21.5570366
Kadzidło,53.2345757,21.4642685
Lelis,53.1779313,21.5570312
Łyse,52.907923,23.1102495
Myszyniec,53.3831962,21.3420723
Olszewo-Borki,53.0679398,21.5226162
Rzekuń,53.048365,21.6260703
Troszyn,53.0309694,21.7324911
Ostrów Mazowiecka,52.8000429,21.897638
Andrzejewo,52.8305612,22.2006931
Boguty-Pianki,52.7166399,22.4157652
Brok,52.6989287,21.8601815
Małkinia Górna,52.6932185,22.019689
Nur,52.6681622,22.3181055
Ostrów Mazowiecka,52.8000429,21.897638
Stary Lubotyń,52.9304465,21.9291791
Szulborze Wielkie,52.7602407,22.2282937
Wąsewo,52.87309,21.67353
Zaręby Kościelne,52.7571188,22.1248239
Józefów,50.4808298,23.0540591
Otwock,52.1161661,21.29345896133107
Celestynów,51.3667288,21.6961065
Karczew,52.0782795,21.2508068
Kołbiel,52.0648811,21.4804165
Osieck,51.9658203,21.420765
Sobienie-Jeziory,51.9311432,21.3026615
Wiązowna,52.1711968,21.3039625
Góra Kalwaria,51.9843765,21.2140226
Konstancin-Jeziorna,52.0834787,21.1208073
Lesznowola,52.0889643,20.9421702
Piaseczno,52.0747377,21.0270885
Prażmów,51.9421776,20.9537316
Tarczyn,51.9802935,20.8339613
Bielsk,52.6713156,19.8049119
Bodzanów,52.5008478,20.0299052
Brudzeń Duży,52.6674993,19.5039296
Bulkowo,52.5428044,20.11618
Drobin,52.7377981,19.9893151
Gąbin,52.39942,19.73072
Łąck,52.4870282,19.5960518
Mała Wieś,52.8034475,20.0157893
Nowy Duninów,52.5801994,19.474531
Radzanowo,52.5727335,19.8944855
Słubice,52.3557481,14.5662367
Słupno,52.3885516,21.1455891
Stara Biała,52.6111437,19.6502651
Staroźreby,52.6329268,19.986628
Wyszogród,52.3883717,20.1913084
Płońsk,52.6264016,20.364281234776783
Raciąż,52.7810586,20.118111
Baboszewo,52.6813829,20.2582764
Czerwińsk nad Wisłą,52.3940182,20.3123715
Dzierzążnia,52.6285005,20.2203732
Joniec,50.5827778,16.6002778
Naruszewo,52.5272543,20.3565731
Nowe Miasto,52.6563159,20.6307362
Płońsk,52.6264016,20.364281234776783
Raciąż,52.7810586,20.118111
Sochocin,52.6898865,20.4707992
Załuski,51.785136,20.6484454
Piastów,52.1812559,20.8415937
Pruszków,52.171958950000004,20.802982691260024
Brwinów,52.1425551,20.7170701
Michałowice,50.8949589,17.0639424
Nadarzyn,52.0947222,20.8075
Raszyn,52.1583333,20.9241667
Przasnysz,53.0182519,20.884566904668567
Chorzele,53.2610476,20.8978631
Czernice Borowe,53.03152,20.71764
Jednorożec,53.1404584,21.0505655
Krasne,50.0486411,22.0914337
Krzynowłoga Mała,53.1552,20.78811
Przasnysz,53.0182519,20.884566904668567
Borkowice,51.2951199,16.992895
Gielniów,51.3997224,20.4762225
Klwów,51.5341643,20.637217
Odrzywół,51.5193078,20.555818
Potworów,50.5289618,16.7534839
Przysucha,51.3585043,20.6285468
Rusinów,52.2926299,15.5294487
Wieniawa,51.2499359,22.5371973
Gzy,52.7399702,20.94254
Obryte,52.62302,22.39479
Pokrzywnica,52.7894484,17.1391144
Pułtusk,52.7051109,21.0840274
Świercze,52.6705367,20.7667997
Winnica,52.6845914,19.5070596
Zatory,52.60618,21.18392
Pionki,51.4730031,21.4438404
Gózd,52.0620852,21.4367256
Iłża,51.1624174,21.2374622
Jastrzębia,52.353699,19.3413287
Jedlińsk,51.5138697,21.1235619
Jedlnia-Letnisko,51.4303531,21.3292505
Kowala,51.3247732,21.0701581
Pionki,51.4730031,21.4438404
Przytyk,51.4668994,20.9055732
Skaryszew,51.3105682,21.2523856
Wierzbica,51.2492925,21.0792463
Wolanów,51.3795633,20.9756935
Zakrzew,51.7879743,18.6346473
Domanice,50.940639,16.590698
Korczew,52.3540778,22.611451
Kotuń,52.1779129,22.0700859
Mokobody,52.2654877,22.1114012
Mordy,52.2112989,22.5170678
Paprotnia,51.7985626,19.6943162
Przesmyki,52.267829,22.5828795
Siedlce,52.161593800000006,22.281253302988254
Skórzec,52.1069597,22.1299878
Suchożebry,52.2612769,22.2541988
Wiśniew,52.0729641,22.2947505
Wodynie,52.0404053,21.9594599
Zbuczyn,52.0897875,22.4345132
Sierpc,52.853176950000005,19.66141404554825
Gozdowo,52.2903529,17.6464349
Mochowo,52.7662538,19.5540153
Rościszewo,52.9009267,19.7748102
Sierpc,52.853176950000005,19.66141404554825
Szczutowo,52.9352888,19.5766482
Zawidz,52.8294997,19.8436701
Sochaczew,52.2367219,20.25712361363545
Brochów,51.0618136,17.0812722
Iłów,52.3395204,20.0262978
Młodzieszyn,52.2986514,20.1860491
Nowa Sucha,52.1537489,20.1809994
Rybno,52.3972222,18.4672222
Sochaczew,52.2367219,20.25712361363545
Teresin,51.4277029,19.3460383
Sokołów Podlaski,52.4081717,22.2525679
Bielany,52.2776126,20.9472054
Ceranów,52.6307826,22.2279919
Jabłonna Lacka,52.4765532,22.4422915
Kosów Lacki,52.5960805,22.1471764
Repki,52.3857809,22.390667
Sabnie,52.5009994,22.3062034
Sokołów Podlaski,52.4081717,22.2525679
Sterdyń,52.5768284,22.2973098
Chlewiska,51.4723132,22.6402619
Jastrząb,51.2468739,20.9488245
Mirów,50.6147285,19.468112
Orońsko,51.3134481,20.9901717
Szydłowiec,51.2238922,20.8575141
Błonie,52.1946065,20.6169694
Izabelin,52.7076808,19.4530677
Kampinos,52.2700727,20.4617483
Leszno,51.8436068,16.58042182076424
Łomianki,52.3355273,20.895012
Ożarów Mazowiecki,52.2080548,20.7941606
Stare Babice,52.252222,20.8406349
Węgrów,52.40082835,22.04647848005508
Grębków,52.269157,21.9104376
Korytnica,52.4151803,21.8500567
Liw,52.3750352,21.9670594
Łochów,52.53042,21.68528
Miedzna,52.4674168,22.0895914
Sadowne,52.6408839,21.845991
Stoczek,52.829004,23.7452291
Wierzbno,52.1899435,21.016599
Kobyłka,52.3387086,21.1965315
Marki,52.3254611,21.1054691
Ząbki,52.29233345,21.114699883572584
Zielonka,52.29133185,21.260566162275364
Dąbrówka,54.2296573,21.9933928
Jadów,52.4783475,21.6326228
Klembów,52.4063968,21.3315606
Poświętne,51.4746285,21.3676912
Radzymin,52.4176347,21.1807836
Strachówka,52.4305116,21.6333552
Tłuszcz,52.4301697,21.4355074
Wołomin,52.3468689,21.2420179
Brańszczyk,52.6282009,21.5848507
Długosiodło,52.759577,21.5929004
Rząśnik,52.7130725,21.3684196
Somianka,52.5617673,21.2999723
Wyszków,52.5928035,21.4584581
Zabrodzie,51.0560585,16.9383507
Kazanów,51.2745143,21.4660249
Policzna,51.4503026,21.625574
Przyłęk,50.5171687,16.7779949
Tczów,51.325746,21.4465383
Zwoleń,51.3564745,21.5844652
Bieżuń,52.9617996,19.8899936
Kuczbork-Osada,53.0852777,20.0473242
Lubowidz,53.1216748,19.8407986
Lutocin,52.9813101,19.7659778
Siemiątkowo,52.8796055,20.0340273
Żuromin,53.0671703,19.9078353
Żyrardów,52.05553205,20.44464353021984
Mszczonów,51.9740309,20.5126683
Puszcza Mariańska,51.9788831,20.3494459
Radziejowice,52.0042375,20.5560438
Wiskitki,52.0868993,20.3832461
Ostrołęka,53.0843135,21.5668607
Płock,52.5464521,19.7008606
Radom,51.4022557,21.1541546
Siedlce,52.161593800000006,22.281253302988254
Warszawa,52.2337172,21.071432235636493
Brzeg,50.8614882,17.470497
Skarbimierz,53.7119392,16.0162098
Grodków,50.698157,17.3849804
Lewin Brzeski,50.7487107,17.616648
Lubsza,50.9158553,17.5204239
Olszanka,54.0984069,23.4018277
Baborów,50.1563566,17.9859393
Branice,50.0687049,20.1396996
Głubczyce,50.2001072,17.8301977
Kietrz,50.0796271,18.0021082
Kędzierzyn-Koźle,50.3448836,18.2109594
Bierawa,50.2810555,18.2424545
Cisek,50.2810681,18.2019309
Pawłowiczki,50.2437125,18.0475795
Polska Cerekiew,50.2271899,18.1262571
Reńska Wieś,50.3142539,18.1250284
Byczyna,51.1142355,18.2143288
Kluczbork,50.9730701,18.2140089
Lasowice Wielkie,54.089035,19.0747588
Wołczyn,51.0190253,18.049603
Gogolin,50.4925107,18.0176197
Krapkowice,50.4747406,17.9670987
Strzeleczki,50.4594894,17.854778
Walce,50.3715914,18.0047937
Zdzieszowice,50.4202928,18.1193187
Domaszowice,51.0426642,17.8857566
Namysłów,51.0766258,17.7185619
Pokój,50.9014642,17.8382418
Świerczów,50.9597722,17.7587552
Wilków,50.8688872,16.5376199
Głuchołazy,50.3170828,17.3833809
Kamiennik,50.7890539,15.4906062
Korfantów,50.4879782,17.5984184
Łambinowice,50.5384423,17.5596387
Nysa,50.4738029,17.3324733
Otmuchów,50.46553145,17.13236551741759
Paczków,50.4642876,17.0063856
Pakosławice,50.5454523,17.3618971
Skoroszyce,50.5969194,17.3810561
Dobrodzień,50.7288597,18.444336
Gorzów Śląski,51.0281551,18.4222682
Olesno,50.8766575,18.4219452
Praszka,51.05536,18.4485221
Radłów,51.2886819,17.1427919
Rudniki,53.8615505,18.8898972
Zębowice,50.76211,18.3403
Chrząstowice,50.66437,18.0722
Dąbrowa,52.9663293,20.2781539
Dobrzeń Wielki,50.76795,17.84708
Komprachcice,50.6356474,17.8227459
Łubniany,50.7793118,17.9987293
Murów,50.8619578,17.945995
Niemodlin,50.6415925,17.6211388
Ozimek,50.6789196,18.2125227
Popielów,50.8242482,17.742194
Prószków,50.5786696,17.8699852
Tarnów Opolski,50.5803405,18.0827155
Tułowice,50.5954195,17.6533063
Turawa,50.7392667,18.0757762
Biała,52.7962925,23.2369031
Głogówek,50.3534373,17.8619329
Lubrza,52.3071516,15.4411776
Prudnik,50.3217212,17.5801041
Izbicko,50.5742077,18.1562574
Jemielnica,50.5448088,18.3795292
Kolonowskie,50.6528574,18.3831071
Leśnica,50.4285562,18.1849929
Strzelce Opolskie,50.5109033,18.3004547
Ujazd,51.5980362,19.9218143
Zawadzkie,50.6065834,18.4801284
Opole,50.678792900000005,17.929884436033525
Czarna,52.5267141,20.6202987
Lutowiska,49.2506891,22.6954882
Ustrzyki Dolne,49.4301874,22.5877003
Brzozów,49.6950395,22.0196537
Domaradz,49.7953178,21.9473137
Dydnia,49.6876575,22.1713367
Haczów,49.6714749,21.8895884
Jasienica Rosielna,49.7506895,21.9402817
Nozdrzec,49.77319,22.1959192
Dębica,50.04611635,21.412761546800066
Brzostek,49.8784697,21.411865
Czarna,52.5267141,20.6202987
Dębica,50.04611635,21.412761546800066
Jodłowa,49.8769261,21.3052679
Pilzno,49.978578,21.2908438
Żyraków,50.0859393,21.3947638
Jarosław,50.0159029,22.6796573
Radymno,49.9517176,22.8183129
Chłopice,49.9483663,22.674588
Jarosław,50.0159029,22.6796573
Laszki,52.9629028,23.2793228
Pawłosiów,49.9953594,22.6455138
Pruchnik,49.9061358,22.5160585
Radymno,49.9517176,22.8183129
Rokietnica,52.5103217,16.7421238
Roźwienica,49.9526865,22.5920612
Wiązownica,53.4433333,22.3519445
Jasło,49.7470465,21.4743139
Brzyska,49.820283,21.3907973
Dębowiec,52.4502778,18.6416667
Jasło,49.7470465,21.4743139
Kołaczyce,49.8076605,21.4340516
Krempna,49.5103475,21.5031014
Nowy Żmigród,49.6039214,21.523519
Osiek Jasielski,49.6353727,21.4918168
Skołyszyn,49.7521108,21.3352696
Tarnowiec,51.3057493,17.1895689
Cmolas,50.294938,21.7444047
Kolbuszowa,50.2433277,21.7754563
Majdan Królewski,50.3791794,21.7450836
Niwiska,51.327268,18.2474981
Raniżów,50.2586609,21.9714293
Dzikowiec,50.5709287,16.5729367
Chorkówka,49.6508145,21.6729301
Dukla,49.55636,21.6847523
Iwonicz-Zdrój,49.5696688,21.7932328
Jedlicze,49.714148,21.6421513
Korczyna,49.7144991,21.811188
Krościenko Wyżne,49.6744164,21.8299327
Miejsce Piastowe,49.6335904,21.7883599
Rymanów,49.576131,21.8676433
Wojaszówka,49.7795399,21.6687613
Jaśliska,49.4416532,21.8023473
Leżajsk,50.2621687,22.418892
Grodzisko Dolne,50.1637598,22.4596076
Kuryłówka,50.29912,22.46818
Leżajsk,50.2621687,22.418892
Nowa Sarzyna,50.3197674,22.3435063
Lubaczów,50.1574473,23.1225859
Cieszanów,50.2454329,23.1301265
Horyniec-Zdrój,50.1910278,23.3625975
Lubaczów,50.1574473,23.1225859
Narol,50.3488112,23.3274426
Oleszyce,50.1682003,23.0314836
Stary Dzików,50.2466301,22.929797
Wielkie Oczy,50.02605,23.16274
Łańcut,50.0690725,22.2320924
Białobrzegi,51.6482305,20.9497458
Czarna,52.5267141,20.6202987
Łańcut,50.0690725,22.2320924
Markowa,54.3119444,22.5252778
Rakszawa,50.169963,22.2324531
Żołynia,50.1617652,22.3074738
Mielec,50.2895423,21.4228413
Borowa,51.1908974,17.2798969
Czermin,51.949955,17.7475756
Gawłuszowice,50.4138303,21.3817255
Mielec,50.2895423,21.4228413
Padew Narodowa,50.4362952,21.4967531
Przecław,50.1939186,21.4798564
Radomyśl Wielki,50.1963674,21.2761596
Tuszów Narodowy,50.3706214,21.464134
Wadowice Górne,50.2620708,21.2985063
Harasiuki,50.4724756,22.4889669
Jarocin,51.9739233,17.5011254
Jeżowe,50.3738461,22.1277161
Krzeszów,50.4028474,22.3406002
Nisko,50.5198985,22.139886
Rudnik nad Sanem,50.4447766,22.2440326
Ulanów,50.4904352,22.2625676
Bircza,49.691222,22.4804308
Dubiecko,49.8253187,22.3916222
Fredropol,49.6956071,22.7456024
Krasiczyn,49.7762257,22.6521706
Krzywcza,49.79894,22.54667
Medyka,49.8057989,22.9375415
Orły,52.2214433,20.684629
Przemyśl,49.7845132,22.7698454
Stubno,49.8997007,22.9513418
Żurawica,49.8237231,22.7998479
Przeworsk,50.054495200000005,22.50137899352015
Adamówka,50.9354279,22.8049559
Gać,50.8878107,17.3633432
Jawornik Polski,49.8886553,22.2837088
Kańczuga,49.9843732,22.4131838
Przeworsk,50.054495200000005,22.50137899352015
Sieniawa,50.1780728,22.6102155
Tryńcza,50.1590707,22.5524678
Zarzecze,49.9128713,18.8210518
Iwierzyce,50.0308446,21.7554136
Ostrów,51.4694444,22.4333333
Ropczyce,50.0528608,21.6116324
Sędziszów Małopolski,50.0715996,21.7007524
Wielopole Skrzyńskie,49.9458007,21.6141608
Dynów,49.8134771,22.2338151
Błażowa,49.8856022,22.1008013
Boguchwała,49.9806882,21.9391822
Chmielnik,50.6145952,20.7510406
Dynów,49.8134771,22.2338151
Głogów Małopolski,50.1511809,21.9627571
Hyżne,49.9184999,22.173322
Kamień,50.9527248,15.3697507
Krasne,50.0486411,22.0914337
Lubenia,49.9260216,21.9349039
Sokołów Małopolski,50.2311643,22.1189272
Świlcza,50.0714236,21.8998941
Trzebownisko,50.0780016,22.0364592
Tyczyn,49.9637919,22.0336719
Sanok,49.55895275,22.21176004039837
Besko,49.5918349,21.9571794
Bukowsko,49.479049,22.0609368
Komańcza,49.336141,22.0697551
Sanok,49.55895275,22.21176004039837
Tyrawa Wołoska,49.57615,22.36187
Zagórz,49.5098822,22.2632894
Zarszyn,49.5831586,22.0150158
Stalowa Wola,50.5665754,22.043721171888823
Bojanów,50.4226596,21.9503092
Pysznica,50.5751897,22.1234297
Radomyśl nad Sanem,50.6805533,21.947306
Zaklików,50.7554368,22.1020214
Zaleszany,52.9593473,23.9313468
Czudec,49.9463655,21.8358282
Frysztak,49.8393809,21.6073264
Niebylec,49.8574869,21.9049548
Strzyżów,49.8702087,21.7856291
Wiśniowa,49.8688107,21.653553
Baranów Sandomierski,50.4994982,21.5417887
Gorzyce,49.9587127,18.3962157
Grębów,50.5654299,21.8746189
Nowa Dęba,50.413485,21.7541268
Baligród,49.3367963,22.2866341
Cisna,49.2131799,22.3283323
Lesko,49.4689014,22.3303816
Olszanica,52.8600022,23.0855513
Solina,49.3996654,22.449867
Krosno,49.68898435,21.75347880451494
Przemyśl,49.7845132,22.7698454
Rzeszów,50.013064,22.016143457294312
Tarnobrzeg,50.58372,21.711638132824728
Augustów,53.8449595,23.018354562748584
Augustów,53.8449595,23.018354562748584
Bargłów Kościelny,53.7705062,22.8187006
Lipsk,53.7335414,23.4037394
Nowinka,53.571203,23.3194685
Płaska,53.9046144,23.2644145
Sztabin,53.6773198,23.103732
Choroszcz,53.143925,22.9884588
Czarna Białostocka,53.2982835,23.2851013
Dobrzyniewo Duże,53.2019,23.01197
Gródek,53.095237,23.6677887
Juchnowiec Kościelny,53.0189994,23.1413571
Łapy,52.9908208,22.883005
Michałowo,53.0328933,23.6066858
Poświętne,51.4746285,21.3676912
Supraśl,53.2100391,23.3360728
Suraż,52.9491665,22.9563836
Turośń Kościelna,53.0151715,23.054677
Tykocin,53.207646,22.7730188
Wasilków,53.198684,23.2056777
Zabłudów,53.0147671,23.3379526
Zawady,52.7265385,23.0848978
Bielsk Podlaski,52.764915,23.188210662123517
Brańsk,52.7454145,22.8328169
Bielsk Podlaski,52.764915,23.188210662123517
Boćki,52.6512834,23.0426375
Brańsk,52.7454145,22.8328169
Orla,52.7029948,23.3321917
Rudka,51.132817,23.4116182
Wyszki,52.8413981,22.9853476
Grajewo,53.6469842,22.4548627
Grajewo,53.6469842,22.4548627
Radziłów,53.4097836,22.409395
Rajgród,53.7304739,22.6976173
Szczuczyn,53.5629982,22.2855495
Wąsosz,53.5219375,22.3194128
Hajnówka,52.7365783,23.5878728
Białowieża,52.7027392,23.8512556
Czeremcha,52.5141029,23.3522319
Czyże,52.7794719,23.4220047
Dubicze Cerkiewne,52.6503259,23.439141
Hajnówka,52.7365783,23.5878728
Kleszczele,52.574173,23.3254851
Narew,53.1154064,22.8084169
Narewka,52.8359438,23.757029
Kolno,53.401686749999996,21.936077723604825
Grabowo,53.5623,19.81917
Kolno,53.401686749999996,21.936077723604825
Mały Płock,53.3087719,22.0257547
Stawiski,53.3798382,22.1548937
Turośl,53.3891147,21.7250283
Jedwabne,53.2867308,22.3021413
Łomża,53.18243065,22.052183817808846
Miastkowo,53.1523512,21.8260084
Nowogród,53.2280804,21.8797908
Piątnica,51.2195179,16.1721614
Przytuły,53.9292011,22.3862236
Śniadowo,53.0386233,21.9902764
Wizna,53.1943832,22.3840879
Zbójna,53.2438364,21.7772809
Goniądz,53.489222,22.7323721
Jasionówka,53.3953537,23.0379765
Jaświły,53.4796418,22.948554
Knyszyn,53.3122442,22.9200387
Krypno,53.272486549999996,22.846746098932602
Mońki,53.4065738,22.7983772
Trzcianne,53.3441063,22.6810444
Sejny,54.105725,23.3496591
Giby,54.0409046,23.3518693
Krasnopol,54.1164621,23.2049687
Puńsk,54.2508169,23.1788368
Sejny,54.105725,23.3496591
Siemiatycze,52.4209252,22.875437270492178
Drohiczyn,52.396648,22.658812
Dziadkowice,51.6729595,19.0051054
Grodzisk,52.5839704,22.7384197
Mielnik,52.3308675,23.048909
Milejczyce,52.5196495,23.1321316
Nurzec-Stacja,52.4613846,23.0836062
Perlejewo,52.5687177,22.562581
Siemiatycze,52.4209252,22.875437270492178
Dąbrowa Białostocka,53.654439,23.3485102
Janów,50.7065895,22.4110663
Korycin,53.4445763,23.090863
Krynki,53.2644419,23.7726182
Kuźnica,51.3797685,17.245644
Nowy Dwór,53.9337722,19.8856762
Sidra,53.5527739,23.4505263
Sokółka,53.4049183,23.4995562
Suchowola,53.578557,23.1058224
Szudziałowo,53.2994967,23.6548709
Bakałarzewo,54.0937511,22.6516364
Filipów,54.1796287,22.6215914
Jeleniewo,54.2063389,22.9128099
Przerośl,54.2514389,22.656474
Raczki,53.9889338,22.7826183
Rutka-Tartak,54.3227012,22.9724159
Suwałki,54.0990636,22.9279363
Szypliszki,54.2536719,23.0740258
Wiżajny,54.367349,22.8665097
Wysokie Mazowieckie,52.9154988,22.5131199
Ciechanowiec,52.6787967,22.4991103
Czyżew,52.7975512,22.3123475
Klukowo,52.4472035,22.7781959
Kobylin-Borzymy,53.0929388,22.6709486
Kulesze Kościelne,53.0158982,22.5061156
Nowe Piekuty,52.8552436,22.7067068
Sokoły,52.9928125,22.7009341
Szepietowo,52.8712982,22.5474331
Wysokie Mazowieckie,52.9154988,22.5131199
Zambrów,52.975833300000005,22.23729346971591
Kołaki Kościelne,53.0215282,22.3785866
Rutki,50.6790601,17.5416404
Szumowo,53.4522199,23.1584163
Zambrów,52.975833300000005,22.23729346971591
Białystok,53.127505049999996,23.147050870161664
Łomża,53.18243065,22.052183817808846
Suwałki,54.0990636,22.9279363
Borzytuchom,54.20028,17.36823
Bytów,54.1694592,17.4890263
Czarna Dąbrówka,54.356624,17.5615292
Kołczygłowy,54.2389319,17.2277117
Lipnica,51.3127468,16.6958286
Miastko,54.0001478,16.9774717
Parchowo,54.2078818,17.6664876
Studzienice,51.49142,20.89495
Trzebielino,54.20002,17.08726
Tuchomie,54.1125387,17.3350544
Chojnice,53.6952912,17.5614973
Brusy,53.8861557,17.7190437
Chojnice,53.6952912,17.5614973
Czersk,53.796196,17.9756228
Konarzyny,53.8234331,17.378179
Człuchów,53.6651462,17.3588324
Czarne,53.68353,16.94221
Człuchów,53.6651462,17.3588324
Debrzno,53.53861,17.2338685
Koczała,53.90214,17.06636
Przechlewo,53.7995842,17.2550402
Rzeczenica,53.7569973,17.1075188
Pruszcz Gdański,54.25764755,18.650104044555775
Cedry Wielkie,54.2441816,18.8457262
Kolbudy,54.2704958,18.4683858
Pruszcz Gdański,54.25764755,18.650104044555775
Przywidz,54.1968155,18.3236359
Pszczółki,54.1735247,18.6959942
Suchy Dąb,54.2064236,18.7673271
Trąbki Wielkie,54.17105,18.53793
Chmielno,54.3284627,18.1014851
Kartuzy,54.3342281,18.1973639
Przodkowo,54.3791906,18.287826
Sierakowice,54.345194,17.8935576
Somonino,54.2792217,18.2006456
Stężyca,51.5825969,21.772083
Sulęczyno,54.2337562,17.7744375
Żukowo,54.3458564,18.3650087
Kościerzyna,54.1210215,17.9781656
Dziemiany,54.0060686,17.7691413
Karsin,53.7239632,16.2635101
Kościerzyna,54.1210215,17.9781656
Liniewo,54.0790817,18.2307257
Lipusz,54.1005877,17.7810502
Nowa Karczma,54.1332171,18.2030529
Stara Kiszewa,53.9892429,18.1660702
Kwidzyn,53.7335842,18.9319222
Gardeja,53.61101,18.94734
Kwidzyn,53.7335842,18.9319222
Prabuty,53.755995,19.2044449
Ryjewo,53.8434971,18.9627498
Sadlinki,53.6644793,18.8728156
Lębork,54.53338035,17.744782998918133
Łeba,54.7604388,17.531376945616415
Cewice,54.4358217,17.7335632
Nowa Wieś Lęborska,54.5590669,17.7253699
Wicko,54.6711411,17.6174626
Malbork,54.0287383,19.039396385383558
Lichnowy,54.1146061,18.9133593
Malbork,54.0287383,19.039396385383558
Miłoradz,54.01432,18.91803
Nowy Staw,54.1342754,19.0086861
Stare Pole,54.0546851,19.2035336
Krynica Morska,54.389438850000005,19.535074824299627
Nowy Dwór Gdański,54.2146299,19.1150846
Ostaszewo,54.2130083,18.9523594
Stegna,54.3286519,19.1130637
Sztutowo,54.330086,19.177209
Hel,54.6066432,18.8027076
Jastarnia,54.7084852,18.655447580232796
Puck,54.73076535,18.432578070411303
Władysławowo,54.7901316,18.4087342
Kosakowo,54.5887906,18.4926928
Krokowa,54.776943,18.1637532
Puck,54.73076535,18.432578070411303
Ustka,54.5734467,16.859180576172207
Damnica,54.4999602,17.2716153
Dębnica Kaszubska,54.3761946,17.1613404
Główczyce,54.6198022,17.3732889
Kępice,54.2427792,16.8896705
Kobylnica,54.4486075,16.9812893
Potęgowo,54.48193,17.49114
Redzikowo,54.4710926,17.1160575
Smołdzino,54.6627685,17.2160201
Ustka,54.5734467,16.859180576172207
Czarna Woda,53.8441983,18.0984293
Skórcz,53.794545400000004,18.517478496389238
Starogard Gdański,53.96544705,18.52665731509521
Bobowo,52.6679679,18.6460278
Kaliska,53.75108,17.80377
Lubichowo,53.85219,18.39699
Osieczna,51.9033938,16.6762108
Osiek,50.5194515,21.4425619
Skarszewy,54.0717523,18.4459951
Skórcz,53.794545400000004,18.517478496389238
Smętowo Graniczne,53.7480892,18.6865833
Starogard Gdański,53.96544705,18.52665731509521
Zblewo,53.9337255,18.3268463
Tczew,54.0869532,18.8000293
Gniew,53.8342221,18.8251596
Morzeszczyn,53.8403982,18.6904948
Pelplin,53.9283217,18.6978494
Subkowy,54.0025394,18.7689934
Tczew,54.0869532,18.8000293
Reda,54.6210145,18.32170890341879
Rumia,54.5700148,18.3969008
Wejherowo,54.6026348,18.247934
Choczewo,54.7409998,17.8923067
Gniewino,54.71543,18.00638
Linia,54.45141,17.9281
Luzino,54.5618906,18.1047847
Łęczyce,54.5929285,17.8601132
Szemud,54.4863129,18.2208129
Wejherowo,54.6026348,18.247934
Dzierzgoń,53.9239051,19.3479491
Mikołajki Pomorskie,53.8506181,19.1658001
Stary Dzierzgoń,53.8422787,19.401986
Stary Targ,53.9237098,19.1707262
Sztum,53.9198663,19.0305384
Gdańsk,54.3706858,18.61298210330077
Gdynia,54.52333035,18.604027892041863
Słupsk,54.4649331,17.028073
Sopot,54.4430399,18.561309520130756
Będzin,50.3230785,19.1322201
Czeladź,50.3184581,19.0736572
Wojkowice,50.3652915,19.0366218
Bobrowniki,51.548774,21.9333433
Mierzęcice,50.4441,19.12405
Psary,50.8691352,17.36217
Siewierz,50.4710097,19.2318901
Sławków,50.2918851,19.341430545361156
Szczyrk,49.7165976,19.0254613
Bestwina,49.8974396,19.0585799
Buczkowice,49.7285279,19.069148
Czechowice-Dziedzice,49.9112146,19.007564
Jasienica,49.8134638,18.9196004
Jaworze,49.79248,18.94034
Kozy,49.8462862,19.145175
Porąbka,53.7031,15.97712
Wilamowice,49.9167395,19.1524707
Wilkowice,50.949566,17.0933204
Cieszyn,49.7557676,18.65623134091032
Ustroń,49.7186488,18.825107461055197
Wisła,52.380897,20.0867774
Brenna,49.7251074,18.9188902
Chybie,49.8968955,18.8151974
Dębowiec,52.4502778,18.6416667
Goleszów,49.7336888,18.7402381
Hażlach,49.8042891,18.6645205
Istebna,49.5748339,18.8935401
Skoczów,49.7999039,18.7877583
Strumień,49.9171995,18.7634908
Zebrzydowice,49.8699168,18.6247092
Blachownia,50.7820239,18.9684255
Dąbrowa Zielona,50.8443,19.55506
Janów,50.7065895,22.4110663
Kamienica Polska,50.6839554,19.1542304
Kłomnice,50.9208773,19.3541823
Koniecpol,50.7725294,19.6769723
Konopiska,50.72597,19.00764
Kruszyna,51.5793125,21.1737992
Lelów,50.6832008,19.6249466
Mstów,50.8293619,19.2856723
Mykanów,50.92332,19.19934
Olsztyn,53.7766839,20.476507
Poczesna,50.7156129,19.1405326
Przyrów,50.8051422,19.5254207
Rędziny,50.9728814,19.6262057
Starcza,53.0267339,19.7125247
Knurów,50.2216536,18.6706574
Pyskowice,50.3980823,18.6277201
Gierałtowice,50.2241331,18.7270541
Pilchowice,50.2147849,18.5626191
Rudziniec,50.3596862,18.4082955
Sośnicowice,50.2722844,18.5298588
Toszek,50.4551063,18.5180604
Wielowieś,51.3066364,17.6715862
Kłobuck,50.9025547,18.93716
Krzepice,50.9706951,18.7255158
Lipie,51.8344739,20.7069893
Miedźno,51.6765688,18.7800237
Opatów,50.8017661,21.4238281
Panki,50.88296,18.7455
Popów,52.1221313,19.9848151
Przystajń,50.8843223,18.6920764
Wręczyca Wielka,50.8442673,18.916773
Lubliniec,50.6432152,18.686058619494062
Boronów,50.6738627,18.9038311
Ciasna,50.7541779,18.6179914
Herby,50.7512437,18.883244
Kochanowice,50.7091402,18.751991
Koszęcin,50.635918,18.8413347
Pawonków,50.69491,18.5823
Woźniki,50.5870812,19.0595251
Łaziska Górne,50.1500892,18.8390661
Mikołów,50.1691812,18.9044238
Orzesze,50.108445149999994,18.792235021887763
Ornontowice,50.1855079,18.7598719
Wyry,50.134874,18.8987036
Myszków,50.5646661,19.32486156630843
Koziegłowy,50.5978707,19.1615203
Niegowa,50.64126,19.47983
Poraj,50.6795593,19.2134603
Żarki,50.6259563,19.3645599
Goczałkowice-Zdrój,49.94372,18.96605
Kobiór,50.0607873,18.9339311
Miedźna,49.9772015,19.0503388
Pawłowice,50.5458641,16.8258579
Pszczyna,49.9778328,18.9425124
Suszec,50.0380334,18.7883358
Racibórz,50.0917343,18.2196766
Kornowac,50.0715824,18.3252602
Krzanowice,50.017931,18.1216249
Krzyżanowice,51.1758135,17.0503262
Kuźnia Raciborska,50.2007002,18.3105735
Nędza,50.1603307,18.3107667
Pietrowice Wielkie,50.0844961,18.0906235
Rudnik,50.4447766,22.2440326
Czerwionka-Leszczyny,50.1449958,18.6531994
Gaszowice,51.2593857,17.582853
Jejkowice,50.1059636,18.4728582
Lyski,50.1201928,18.39024
Świerklany,50.0191912,18.5778008
Kalety,50.5636291,18.885746
Miasteczko Śląskie,50.4915736,18.9230247
Radzionków,50.4002717,18.9026247
Tarnowskie Góry,50.4654128,18.833588437116568
Krupski Młyn,50.5737746,18.6234495
Ożarowice,50.4638913,19.042814
Świerklaniec,50.4393321,18.9388857
Tworóg,50.5319435,18.7187362
Zbrosławice,50.41557,18.7522
Bieruń,50.0931922,19.0918262
Imielin,50.1467621,19.1854676
Lędziny,50.1379295,19.1315264
Bojszowy,50.0573517,19.0998925
Chełm Śląski,50.1110253,19.19848
Pszów,50.0395806,18.3949412
Radlin,50.0486957,18.4791456
Rydułtowy,50.066404000000006,18.42450611528471
Wodzisław Śląski,50.0024107,18.4630383
Godów,50.9666726,21.187721
Gorzyce,49.9587127,18.3962157
Lubomia,50.0402263,18.3086397
Marklowice,50.0185932,18.5130814
Mszana,51.1020202,16.0316337
Poręba,50.48904555,19.326281117557013
Zawiercie,50.4844179,19.4333887
Irządze,51.59231,16.42645
Kroczyce,50.561473,19.5700518
Łazy,51.5012994,16.5568335
Ogrodzieniec,50.4521463,19.5213629
Pilica,50.4681134,19.6573591
Szczekociny,50.6259216,19.8194681
Włodowice,50.5520931,19.4504273
Żarnowiec,50.4832713,19.86242
Żywiec,49.706496099999995,19.21914906371902
Czernichów,49.9871154,19.6761974
Gilowice,49.711931,19.3089524
Jeleśnia,49.6295063,19.3313366
Koszarawa,49.6442617,19.4002432
Lipowa,50.7338539,16.9862994
Łękawica,51.1633221,16.8712454
Łodygowice,49.7304647,19.1403324
Milówka,49.5576572,19.0877284
Radziechowy-Wieprz,49.6473213,19.1639249
Rajcza,49.503221,19.1013077
Ślemień,49.7189661,19.3711294
Świnna,52.3872222,18.0130556
Ujsoły,49.4824152,19.1388455
Węgierska Górka,49.6088205,19.1195861
Bielsko-Biała,49.81207845,19.029198802013944
Bytom,50.3470387,18.9231857
Chorzów,50.288556299999996,18.97044253093511
Częstochowa,50.8089997,19.1244089281233
Dąbrowa Górnicza,50.3308692,19.2078918
Gliwice,50.30113145,18.662347227971978
Jastrzębie-Zdrój,49.96067945,18.599371941184817
Jaworzno,50.1894999,19.272511168425055
Katowice,50.2137321,19.00588775660632
Mysłowice,50.2096211,19.132165997410812
Piekary Śląskie,50.3840312,18.9456429
Ruda Śląska,50.2858001,18.8747933
Rybnik,50.0955793,18.5419933
Siemianowice Śląskie,50.31285075,19.017785857354603
Sosnowiec,50.2712401,19.21556284229424
Świętochłowice,50.2854551,18.9308513
Tychy,50.126498049999995,19.006784585824853
Zabrze,50.31428055,18.781576310579183
Żory,50.0388902,18.680612383121996
Busko-Zdrój,50.46759,20.71919
Gnojno,52.214405,19.2933338
Nowy Korczyn,50.2994316,20.8090569
Pacanów,50.3999656,21.0409852
Solec-Zdrój,50.3675523,20.8871758
Stopnica,50.4382587,20.9385676
Tuczępy,52.815084,15.8894684
Wiślica,50.3484831,20.6745381
Imielno,52.1422523,17.8552185
Jędrzejów,50.6394435,20.3046116
Małogoszcz,50.8123487,20.2648324
Nagłowice,50.6783328,20.1061001
Oksa,50.72838,20.10219
Sędziszów,50.564781,20.0538047
Słupia,54.287143,17.3242691
Sobków,50.6981874,20.4559353
Wodzisław,50.5211403,20.1909163
Bejsce,50.2414722,20.6003484
Czarnocin,52.3503333,21.7067972
Kazimierza Wielka,50.267489,20.4853308
Opatowiec,50.2425871,20.7237798
Skalbmierz,50.3170888,20.3996843
Bieliny,54.155633,20.9556691
Bodzentyn,50.9409927,20.9573478
Chęciny,50.8000835,20.4622228
Chmielnik,50.6145952,20.7510406
Daleszyce,50.801991,20.8066334
Górno,50.84859,20.82244
Łagów,50.7754877,21.0839837
Łopuszno,50.948616,20.2505964
Masłów,51.3388736,17.1275518
Miedziana Góra,50.8713116,15.9462133
Mniów,51.0121708,20.4857784
Morawica,50.0764277,19.7500156
Nowa Słupia,50.8640377,21.0907296
Piekoszów,50.881422,20.4642464
Pierzchnica,50.6974266,20.7544258
Raków,50.6750443,21.0423365
Nowiny,50.032723,21.9978615
Strawczyn,50.9415044,20.4201116
Zagnańsk,50.9800365,20.6632227
Fałków,51.1348726,20.1007167
Gowarczów,51.2784974,20.438142
Końskie,51.1910223,20.4071836
Radoszyce,51.0736699,20.2597677
Ruda Maleniecka,51.1457804,20.2237336
Słupia Konecka,51.019191,20.13187507902974
Smyków,50.7122351,20.8929888
Stąporków,51.1380145,20.5573073
Baćkowice,50.7950478,21.2328522
Iwaniska,50.7314289,21.281111
Lipnik,53.5975315,22.3182955
Opatów,50.8017661,21.4238281
Ożarów,50.8864089,21.6656244
Sadowie,50.8527639,21.368455
Tarłów,51.0010956,21.715178
Wojciechowice,52.0000392,21.0905646
Ostrowiec Świętokrzyski,50.9398768,21.38743
Bałtów,51.0177107,21.5416939
Bodzechów,50.90995,21.44274
Ćmielów,50.8918364,21.5100875
Kunów,50.9541063,21.278823
Waśniów,50.8994559,21.2231961
Działoszyce,50.3654682,20.3521471
Kije,50.6076305,20.5710845
Michałów,51.0012306,21.899575
Pińczów,50.5201929,20.5256241
Złota,50.3575572,22.5676927
Sandomierz,50.6793066,21.7495055
Dwikozy,50.7360627,21.789733
Klimontów,50.6563871,21.4506186
Koprzywnica,50.5932218,21.5847266
Łoniów,50.5643783,21.526238
Obrazów,50.6913572,21.6531943
Samborzec,50.6465101,21.6490546
Wilczyce,51.129313,17.1536783
Zawichost,50.8074312,21.8523835
Skarżysko-Kamienna,51.122965699999995,20.87700914767867
Bliżyn,51.1077461,20.7592856
Łączna,54.08,19.5844444
Skarżysko Kościelne,51.1379441,20.9136379
Suchedniów,51.0472338,20.8386652
Starachowice,51.03845695,21.08208422827831
Brody,51.7867086,14.7743044
Mirzec,51.1362408,21.0570374
Pawłów,51.1464277,23.2124828
Wąchock,51.073812,21.0116897
Bogoria,50.6519146,21.2601913
Łubnice,50.4110333,21.1521007
Oleśnica,51.2095314,17.3804559
Osiek,50.5194515,21.4425619
Połaniec,50.4329071,21.2810473
Rytwiany,50.5288665,21.2058174
Staszów,50.5612276,21.1677849
Szydłów,50.5907684,21.0045698
Kluczewsko,50.928116,19.9185618
Krasocin,50.88936,20.11781
Moskorzew,50.64633,19.93014
Radków,50.5042182,16.401351
Secemin,50.7683898,19.8370124
Włoszczowa,50.8520727,19.9667772
Kielce,50.85402845,20.60991568734511
Bartoszyce,54.2523708,20.8143702
Górowo Iławeckie,54.2842481,20.4916449
Bartoszyce,54.2523708,20.8143702
Bisztynek,54.0866828,20.908828
Górowo Iławeckie,54.2842481,20.4916449
Sępopol,54.2678744,21.0144242
Braniewo,54.37918145,19.822121114515234
Braniewo,54.37918145,19.822121114515234
Frombork,54.3583633,19.6823701
Lelkowo,54.3240167,20.2241793
Pieniężno,54.2385662,20.1258163
Płoskinia,54.2717905,19.9362914
Wilczęta,54.1677392,19.8830546
Działdowo,53.2406366,20.184686473571944
Działdowo,53.2406366,20.184686473571944
Iłowo-Osada,53.1669769,20.2976146
Lidzbark,53.2628043,19.8231836
Płośnica,53.2745748,20.0102175
Rybno,52.3972222,18.4672222
Elbląg,54.1988997,19.44108568736702
Godkowo,54.0809441,19.9032245
Gronowo Elbląskie,54.0863216,19.3068798
Markusy,54.047807,19.3860975
Milejewo,54.2183538,19.546834
Młynary,54.1876231,19.7229376
Pasłęk,54.0626346,19.6565365
Rychliki,53.9859225,19.5267889
Tolkmicko,54.3201802,19.5270187
Ełk,53.82395835,22.361916488932224
Ełk,53.82395835,22.361916488932224
Kalinowo,53.8739035,22.6724741
Prostki,53.7005864,22.4324226
Stare Juchy,53.9209431,22.1732575
Giżycko,54.040092,21.7713092
Giżycko,54.040092,21.7713092
Kruklanki,54.0883583,21.9226296
Miłki,53.9424319,21.8730947
Ryn,53.9386839,21.5440643
Wydminy,53.9819183,22.0324318
Iława,53.5976095,19.5612175
Lubawa,53.5051482,19.7494057
Iława,53.5976095,19.5612175
Kisielice,53.6076054,19.2593923
Lubawa,53.5051482,19.7494057
Susz,53.7166619,19.3385289
Zalewo,53.8458768,19.606118
Kętrzyn,54.0764176,21.3752627
Barciany,54.21881,21.35356
Kętrzyn,54.0764176,21.3752627
Korsze,54.1707614,21.1442323
Reszel,54.0482576,21.1421611
Srokowo,54.2143474,21.519939
Lidzbark Warmiński,54.1259406,20.5805641
Kiwity,54.1007245,20.7736475
Lidzbark Warmiński,54.1259406,20.5805641
Lubomino,54.0676836,20.2374369
Orneta,54.1155533,20.1303378
Mrągowo,53.8660707,21.3045796
Mikołajki,53.7981816,21.5772462
Mrągowo,53.8660707,21.3045796
Piecki,53.7491786,21.3412199
Sorkwity,53.8446645,21.1434709
Janowiec Kościelny,53.2901231,20.5226802
Janowo,53.31562,20.67352
Kozłowo,52.9088481,20.4191844
Nidzica,53.3613838,20.4275719
Nowe Miasto Lubawskie,53.42489945,19.583923522786442
Biskupiec,53.8688,20.95518
Grodziczno,52.7479178,21.4510616
Kurzętnik,53.3987831,19.5762422
Nowe Miasto Lubawskie,53.42489945,19.583923522786442
Kowale Oleckie,54.1628369,22.4169549
Olecko,54.0398024,22.4934246
Świętajno,53.9988786,22.318426
Wieliczki,53.9845908,22.5615631
Barczewo,53.8297112,20.6911497
Biskupiec,53.8688,20.95518
Dobre Miasto,53.9868899,20.3973402
Dywity,53.83404,20.47337
Gietrzwałd,53.7479907,20.2344346
Jeziorany,53.9768604,20.7459137
Jonkowo,53.8275836,20.3104882
Kolno,53.401686749999996,21.936077723604825
Olsztynek,53.5834201,20.2816198
Purda,53.7086289,20.7033951
Stawiguda,53.6584991,20.4011694
Świątki,53.9260127,20.2444128
Ostróda,53.7028533,19.9623028
Dąbrówno,53.4330094,20.0360833
Grunwald,53.4852657,20.0915287
Łukta,53.8049062,20.0839683
Małdyty,53.9203373,19.741694
Miłakowo,54.0101675,20.0711213
Miłomłyn,53.7634,19.8413501
Morąg,53.9119982,19.9279895
Ostróda,53.7028533,19.9623028
Biała Piska,53.6113625,22.0581433
Orzysz,53.809833,21.9473601
Pisz,53.6294943,21.8098191
Ruciane-Nida,53.65042,21.55982
Szczytno,53.565489,20.991589
Dźwierzuty,53.7045998,20.960917
Jedwabno,53.05044,18.7722
Pasym,53.6521615,20.7917422
Rozogi,53.7918383,21.1286863
Szczytno,53.565489,20.991589
Świętajno,53.9988786,22.318426
Wielbark,53.3984244,20.9462724
Banie Mazurskie,54.2456955,22.0390966
Dubeninki,54.2888629,22.5608125
Gołdap,54.3080218,22.3018802
Budry,54.2529739,21.8813832
Pozezdrze,54.1408029,21.8598447
Węgorzewo,54.2138162,21.7416569
Elbląg,54.1988997,19.44108568736702
Olsztyn,53.7766839,20.476507
Chodzież,52.994997749999996,16.919925663627275
Budzyń,50.3834331,20.7657421
Chodzież,52.994997749999996,16.919925663627275
Margonin,52.9732912,17.0948899
Szamocin,53.0290045,17.1217202
Czarnków,52.9050335,16.5639572
Czarnków,52.9050335,16.5639572
Drawsko,53.6040301,16.181847605150377
Krzyż Wielkopolski,52.8796439,16.0141705
Lubasz,52.8481543,16.5243165
Połajewo,52.5102506,18.3993751
Trzcianka,53.0417582,16.4610993
Wieleń,52.8943347,16.1712847
Gniezno,52.5359736,17.595889
Czerniejewo,52.4296119,17.489398
Gniezno,52.5359736,17.595889
Kiszkowo,52.5900887,17.2618579
Kłecko,52.6324247,17.4282911
Łubowo,52.5131726,17.4559206
Mieleszyn,52.668791,17.499003
Niechanowo,52.4643201,17.6777258
Trzemeszno,52.5600669,17.8208936
Witkowo,52.4395881,17.7725138
Borek Wielkopolski,51.916153,17.2425955
Gostyń,51.6501724,15.8953111
Krobia,51.7741006,16.9845547
Pępowo,51.7577712,17.1220396
Piaski,50.1532026,19.4751266
Pogorzela,51.8224142,17.2310362
Poniec,51.7650386,16.8059899
Granowo,52.2202401,16.5306041
Grodzisk Wielkopolski,52.2263198,16.3628106
Kamieniec,50.457298,16.549226
Rakoniewice,52.1393485,16.2738532
Wielichowo,52.1182673,16.3521384
Jaraczewo,51.9689115,17.2981142
Jarocin,51.9739233,17.5011254
Kotlin,51.6869444,18.9158333
Żerków,52.0687117,17.5633599
Blizanów,51.9013555,18.0137374
Brzeziny,51.80066075,19.74462059147693
Ceków-Kolonia,51.8891352,18.2974506
Godziesze Wielkie,51.6455637,18.1790069
Koźminek,51.798301,18.3383583
Lisków,51.832646,18.399304
Mycielin,51.8494444,17.3313889
Opatówek,51.7394437,18.2137254
Stawiszyn,51.9182364,18.1115413
Szczytniki,51.687218,18.3325183
Żelazków,52.3027843,17.9722165
Baranów,52.12305,20.47315
Bralin,51.2855407,17.9020697
Kępno,51.2790265,17.9866632
Łęka Opatowska,51.2119951,18.1061471
Perzów,51.27627,17.80996
Rychtal,51.1448363,17.848494
Trzcinica,51.1675519,18.0051758
Koło,51.4276417,19.8296447
Babiak,52.344523,18.6667068
Chodów,52.0055314,19.0701595
Dąbie,51.4823051,16.4906445
Grzegorzew,52.20199,18.73482
Kłodawa,52.2574519,18.911206
Koło,51.4276417,19.8296447
Kościelec,53.99076205,19.227792992927327
Olszówka,51.39167,17.42029
Osiek Mały,52.2743302,18.6021724
Przedecz,52.3341735,18.8985119
Golina,52.24276,18.09534
Grodziec,49.8006421,18.8694816
Kazimierz Biskupi,52.3119341,18.1675656
Kleczew,52.3707265,18.1779886
Kramsk,52.2666155,18.4259533
Krzymów,52.348638,19.5801929
Rychwał,52.0706234,18.1668295
Rzgów,51.6627785,19.4908887
Skulsk,52.48212,18.33123
Sompolno,52.3884355,18.5030075
Stare Miasto,52.2495153,21.0122437
Ślesin,52.37082,18.30593
Wierzbinek,52.4456388,18.5076904
Wilczyn,52.4838027,18.1669718
Kościan,52.086325,16.6449995
Czempiń,52.1431479,16.7613308
Kościan,52.086325,16.6449995
Krzywiń,51.962928,16.819295
Śmigiel,52.012744,16.5271118
Sulmierzyce,51.61613,17.534500781817073
Kobylin,51.7163621,17.2247584
Koźmin Wielkopolski,51.8256567,17.4528473
Krotoszyn,51.695926,17.4374158
Rozdrażew,51.7813297,17.5056569
Zduny,51.6463268,17.377617
Krzemieniewo,51.8582756,16.8338586
Lipno,52.8420725,19.18316282709292
Osieczna,51.9033938,16.6762108
Rydzyna,51.7863742,16.6673223
Święciechowa,51.8548333,16.4971114
Wijewo,51.91872,16.18619
Włoszakowice,51.9271412,16.361945
Chrzypsko Wielkie,52.6269505,16.2193081
Kwilcz,52.5552148,16.0848075
Międzychód,52.6046468,15.8935386
Sieraków,52.6513857,16.0808137
Kuślin,52.36271,16.31559
Lwówek,52.4489307,16.1803554
Miedzichowo,52.3749079,15.9578802
Nowy Tomyśl,52.3177643,16.1291553
Opalenica,52.3088119,16.4124256
Zbąszyń,52.2501028,15.9209286
Oborniki,52.6455252,16.8099756
Rogoźno,52.7523023,16.9936288
Ryczywół,52.8125184,16.8325798
Ostrów Wielkopolski,51.6495023,17.8167085
Nowe Skalmierzyce,51.7109127,17.9943345
Odolanów,51.5742177,17.673514
Ostrów Wielkopolski,51.6495023,17.8167085
Przygodzice,51.5923682,17.8249672
Raszków,51.7182066,17.7277057
Sieroszewice,51.633984,17.9671414
Sośnie,51.47385,17.63058
Czajków,51.9071181,18.5869968
Doruchów,51.4168911,18.0766748
Grabów nad Prosną,51.5060515,18.1188808
Kobyla Góra,51.3784042,17.8380295
Kraszewice,51.51724,18.22211
Mikstat,51.5315251,17.9710681
Ostrzeszów,51.4257664,17.9331788
Piła,53.134719399999994,16.752725352361423
Białośliwie,53.0999053,17.1228229
Kaczory,53.1020938,16.8843061
Łobżenica,53.2602878,17.2548401
Miasteczko Krajeńskie,53.09675,17.00649
Szydłowo,53.1625747,16.6120029
Ujście,53.0531546,16.7324266
Wyrzysk,53.1569822,17.2627004
Wysoka,53.1829333,17.0797137
Chocz,51.97514,17.8707
Czermin,51.949955,17.7475756
Dobrzyca,51.8668166,17.6026387
Gizałki,52.0444849,17.7659052
Gołuchów,51.8494576,17.9307954
Pleszew,51.8960985,17.7865673
Luboń,52.336688800000005,16.87184661280476
Puszczykowo,52.277297649999994,16.855942902518983
Buk,52.357408,16.5166799
Czerwonak,52.46696,16.98026
Dopiewo,52.3584401,16.6764028
Kleszczewo,53.9625498,21.8279842
Komorniki,51.530574,16.1448619
Kostrzyn,52.3983662,17.2275394
Kórnik,52.2492751,17.0901242
Mosina,52.2455834,16.8472591
Murowana Goślina,52.5758465,17.0097914
Pobiedziska,52.4773387,17.2870352
Rokietnica,52.5103217,16.7421238
Stęszew,52.2793539,16.6999331
Suchy Las,52.3111111,18.6905556
Swarzędz,52.4103728,17.0771038
Tarnowo Podgórne,52.4657445,16.6664446
Bojanowo,51.7070018,16.7487692
Jutrosin,51.6536197,17.1689896
Miejska Górka,51.6552093,16.9561451
Pakosław,51.6166744,17.0574516
Rawicz,51.6101629,16.8583657
Słupca,52.2872924,17.8713612
Lądek,52.20958,17.92988
Orchowo,52.5063314,18.0147496
Ostrowite,53.4216054,19.2715274
Powidz,52.4125881,17.9169686
Słupca,52.2872924,17.8713612
Strzałkowo,53.7942062,20.0490278
Zagórów,52.16899,17.90016
Obrzycko,52.70200015,16.530104807130158
Duszniki,52.4490442,16.4054502
Kaźmierz,52.5129241,16.5831468
Obrzycko,52.70200015,16.530104807130158
Ostroróg,52.6267433,16.4491743
Pniewy,52.5089624,16.2566411
Szamotuły,52.6120328,16.5831241
Wronki,52.7100316,16.3742572
Dominowo,52.2915437,17.3565857
Krzykosy,52.1097466,17.3722007
Nowe Miasto nad Wartą,52.0899632,17.4115406
Środa Wielkopolska,52.2284266,17.277827
Zaniemyśl,52.1579942,17.1653998
Brodnica,53.2580224,19.405433708150433
Dolsk,51.9866,17.0653695
Książ Wielkopolski,52.05908475,17.254172347396608
Śrem,52.0893322,17.0156809
Turek,52.01595,18.50191
Brudzew,52.0990871,18.6045431
Dobra,51.9161774,18.6159693
Kawęczyn,52.98431,18.86666
Malanów,51.810207,19.1458557
Przykona,51.9736633,18.6144029
Tuliszków,52.0770973,18.294932
Turek,52.01595,18.50191
Władysławów,52.1034535,18.4740621
Wągrowiec,52.81220655,17.201913487483125
Damasławek,52.8399267,17.4994707
Gołańcz,52.9431644,17.2999756
Mieścisko,52.7436655,17.3294668
Skoki,52.6725926,17.1531343
Wapno,53.0352954,15.2326794
Wągrowiec,52.81220655,17.201913487483125
Przemęt,52.0077748,16.3021613
Siedlec,51.2312709,17.1153375
Wolsztyn,52.11725,16.1126622
Kołaczkowo,52.460285,17.7807119
Miłosław,52.2023105,17.4892236
Nekla,52.3656249,17.4144598
Pyzdry,52.1694332,17.687134
Września,52.3250694,17.5652282
Złotów,53.3591987,17.043815994517477
Jastrowie,53.4205494,16.8150156
Krajenka,53.2970851,16.9909514
Lipka,53.49578,17.25017
Okonek,53.5347646,16.8516192
Tarnówka,51.9715892,20.7372816
Zakrzewo,52.3991372,16.7189385
Złotów,53.3591987,17.043815994517477
Kalisz,51.74736505,18.079590087700034
Konin,52.2301933,18.2521112
Leszno,51.8436068,16.58042182076424
Poznań,52.4006632,16.91973259178088
Białogard,54.0064367,15.9870974
Białogard,54.0064367,15.9870974
Karlino,54.0410287,15.8793019
Tychowo,53.92866,16.25668
Bierzwnik,53.03564,15.66496
Choszczno,53.1704801,15.4167349
Drawno,53.2189468,15.7580084
Krzęcin,53.08109,15.4869
Pełczyce,53.04218,15.30591
Recz,53.2601536,15.5467648
Czaplinek,53.560673,16.2319428
Drawsko Pomorskie,53.5310786,15.8134179
Kalisz Pomorski,53.2981616,15.9059903
Wierzchowo,53.8588964,16.6092787
Złocieniec,53.5310477,16.0107245
Goleniów,53.5656939,14.8299285
Maszewo,53.496222,15.0613549
Nowogard,53.6687698,15.1225889
Osina,53.60526,15.0128
Przybiernów,53.75851,14.78597
Stepnica,53.651453,14.6299527
Brojce,53.9576708,15.3559295
Gryfice,53.9148529,15.1987062
Karnice,51.482593,16.838657
Płoty,53.8043384,15.2680368
Rewal,54.0820674,15.0141929
Trzebiatów,54.0627026,15.2657157
Banie,53.1005796,14.6622817
Cedynia,52.8784024,14.2031446
Chojna,52.9629793,14.4314113
Gryfino,53.2535889,14.4924243
Mieszkowice,52.785412,14.4954296
Moryń,52.8558027,14.3968046
Stare Czarnowo,53.2819458,14.7807553
Trzcińsko-Zdrój,52.9660381,14.6075982
Widuchowa,50.4852832,20.7923885
Dziwnów,54.0277746,14.7603921
Golczewo,53.8241081,14.9773396
Kamień Pomorski,53.9653947,14.7728556
Międzyzdroje,53.9282745,14.448903
Świerzno,53.96536,14.96746
Wolin,53.9131743,14.52001388837596
Kołobrzeg,54.1759614,15.5764209
Dygowo,54.131841,15.7207855
Gościno,54.0515795,15.6534004
Kołobrzeg,54.1759614,15.5764209
Rymań,53.946036,15.5344337
Siemyśl,54.0284444,15.5342379
Ustronie Morskie,54.2135984,15.7560763
Będzino,54.20856,15.98863
Biesiekierz,54.133802,16.0391752
Bobolice,53.954693,16.5884779
Manowo,54.1259723,16.2991966
Mielno,54.2560766,16.0520587
Polanów,54.11921,16.68725
Sianów,54.228188,16.2942839
Świeszyno,53.98325,17.06997
Barlinek,52.9920762,15.2166391
Boleszkowice,52.7259036,14.5681557
Dębno,52.7396681,14.7014522
Myślibórz,52.924825,14.8664799
Nowogródek Pomorski,52.9116499,15.0272248
Dobra,51.9161774,18.6159693
Kołbaskowo,53.3359128,14.4375977
Nowe Warpno,53.7252503,14.2810705
Police,53.5486435,14.5657399
Bielice,53.49269,19.39199
Kozielice,53.85511,14.86377
Lipiany,53.002904,14.970883
Przelewice,53.030728,16.1088995
Pyrzyce,53.1461083,14.8924485
Warnice,53.25133,14.98775
Darłowo,54.42249,16.40933
Sławno,54.361141950000004,16.6754076140828
Darłowo,54.42249,16.40933
Malechowo,54.30709,16.51361
Postomino,54.49236,16.71372
Sławno,54.361141950000004,16.6754076140828
Stargard,53.3379935,15.0350493
Chociwel,53.4663949,15.3314436
Dobrzany,53.3582754,15.4299315
Dolice,53.19138,15.20096
Ińsko,53.435721,15.548315
Kobylanka,53.0254799,23.6323675
Marianowo,52.4258333,18.2669444
Stara Dąbrowa,52.3446737,20.5703516
Stargard,53.3379935,15.0350493
Suchań,53.2799427,15.3188331
Szczecinek,53.70234205,16.70713424642978
Barwice,53.7445649,16.3549399
Biały Bór,53.8987414,16.8377275
Borne Sulinowo,53.5812939,16.538117
Grzmiąca,53.8345203,16.4323611
Szczecinek,53.70234205,16.70713424642978
Świdwin,53.77437665,15.782489859991415
Brzeżno,53.6995408,15.791432
Połczyn-Zdrój,53.7648981,16.0952705
Rąbino,53.8688563,15.9506588
Sławoborze,53.8904311,15.7083602
Świdwin,53.77437665,15.782489859991415
Wałcz,53.27285375,16.476817657727903
Człopa,53.0884595,16.1201069
Mirosławiec,53.3415106,16.0881475
Tuczno,53.194419,16.1548235
Wałcz,53.27285375,16.476817657727903
Dobra,51.9161774,18.6159693
Łobez,53.6391189,15.6213487
Radowo Małe,53.66422,15.45073
Resko,53.7733969,15.4056058
Węgorzyno,53.5411822,15.5602398
Koszalin,54.20717985,16.21754108699583
Szczecin,53.42968095,14.592912670292268
Świnoujście,53.9097477,14.2510703
